-- MySQL dump 10.13  Distrib 5.7.17, for Win64 (x86_64)
--
-- Host: localhost    Database: mydatabase
-- ------------------------------------------------------
-- Server version	5.7.20-log

/*!40101 SET @OLD_CHARACTER_SET_CLIENT=@@CHARACTER_SET_CLIENT */;
/*!40101 SET @OLD_CHARACTER_SET_RESULTS=@@CHARACTER_SET_RESULTS */;
/*!40101 SET @OLD_COLLATION_CONNECTION=@@COLLATION_CONNECTION */;
/*!40101 SET NAMES utf8 */;
/*!40103 SET @OLD_TIME_ZONE=@@TIME_ZONE */;
/*!40103 SET TIME_ZONE='+00:00' */;
/*!40014 SET @OLD_UNIQUE_CHECKS=@@UNIQUE_CHECKS, UNIQUE_CHECKS=0 */;
/*!40014 SET @OLD_FOREIGN_KEY_CHECKS=@@FOREIGN_KEY_CHECKS, FOREIGN_KEY_CHECKS=0 */;
/*!40101 SET @OLD_SQL_MODE=@@SQL_MODE, SQL_MODE='NO_AUTO_VALUE_ON_ZERO' */;
/*!40111 SET @OLD_SQL_NOTES=@@SQL_NOTES, SQL_NOTES=0 */;

--
-- Table structure for table `account`
--

DROP TABLE IF EXISTS `account`;
/*!40101 SET @saved_cs_client     = @@character_set_client */;
/*!40101 SET character_set_client = utf8 */;
CREATE TABLE `account` (
  `id` int(11) NOT NULL AUTO_INCREMENT,
  `email` varchar(45) DEFAULT NULL,
  `password` varchar(255) DEFAULT NULL,
  `created_at` bigint(20) DEFAULT NULL,
  `updated_at` bigint(20) DEFAULT NULL,
  `status` int(1) DEFAULT NULL COMMENT '0: verifi 1:active 2:lock',
  `fullname` varchar(45) DEFAULT NULL,
  `nickname` varchar(45) DEFAULT NULL,
  `avatar` varchar(45) DEFAULT NULL,
  `tel` varchar(45) DEFAULT NULL,
  `role` varchar(45) DEFAULT NULL,
  `last_role` varchar(45) DEFAULT NULL,
  `last_course` int(11) DEFAULT '-1',
  PRIMARY KEY (`id`)
) ENGINE=InnoDB AUTO_INCREMENT=143 DEFAULT CHARSET=utf8;
/*!40101 SET character_set_client = @saved_cs_client */;

--
-- Dumping data for table `account`
--

LOCK TABLES `account` WRITE;
/*!40000 ALTER TABLE `account` DISABLE KEYS */;
INSERT INTO `account` VALUES (1,NULL,NULL,NULL,NULL,NULL,NULL,NULL,NULL,NULL,NULL,NULL,-1),(33,'huygiang1995@gmail.com','$2a$10$Ub6o9/EVt3x7M1zwtETV5OgyWRFUo44eaYlbEQiYEYrkaL7frJGkm',1512151804784,1513505346607,1,'Nguyen Huy Giang','Giang Bk','1513505346588.JPG','0978356099','teacher','0',1),(34,'huygiang1994@gmail.com','$2a$10$Ub6o9/EVt3x7M1zwtETV5OgyWRFUo44eaYlbEQiYEYrkaL7frJGkm',1512151804784,1512151804784,1,'Nguyen Huy Giang 1','Giang Bk 1','user.png','0978356099','user','0',0),(93,'huygiang0@gmail.com','$2a$10$bu.4RyjMvfIddPyM9V.bV.L5izzh8urGhWNaj2Sk0kthHuRTqpUx6',1512813861584,1512813861584,1,'Nguyễn Văn A','HuyGiang 0','user.png','097835600','user',NULL,0),(94,'huygiang1@gmail.com','$2a$10$bu.4RyjMvfIddPyM9V.bV.L5izzh8urGhWNaj2Sk0kthHuRTqpUx6',1512813861584,1512813861584,1,'Nguyễn Văn B','HuyGiang 1','user.png','097835601','user',NULL,0),(95,'huygiang2@gmail.com','$2a$10$bu.4RyjMvfIddPyM9V.bV.L5izzh8urGhWNaj2Sk0kthHuRTqpUx6',1512813861584,1512813861584,1,'Nguyễn Văn C','HuyGiang 2','user.png','097835602','user',NULL,0),(96,'huygiang3@gmail.com','$2a$10$bu.4RyjMvfIddPyM9V.bV.L5izzh8urGhWNaj2Sk0kthHuRTqpUx6',1512813861584,1512813861584,1,'Nguyễn Văn D','HuyGiang 3','user.png','097835603','user',NULL,0),(97,'huygiang4@gmail.com','$2a$10$bu.4RyjMvfIddPyM9V.bV.L5izzh8urGhWNaj2Sk0kthHuRTqpUx6',1512813861584,1512813861584,1,'Nguyễn Văn E','HuyGiang 4','user.png','097835604','user',NULL,0),(98,'huygiang5@gmail.com','$2a$10$bu.4RyjMvfIddPyM9V.bV.L5izzh8urGhWNaj2Sk0kthHuRTqpUx6',1512813861584,1512813861584,1,'Nguyễn Văn F','HuyGiang 5','user.png','097835605','user',NULL,0),(99,'huygiang6@gmail.com','$2a$10$bu.4RyjMvfIddPyM9V.bV.L5izzh8urGhWNaj2Sk0kthHuRTqpUx6',1512813861584,1512813861584,1,'Nguyễn Văn G','HuyGiang 6','user.png','097835606','user',NULL,0),(100,'huygiang7@gmail.com','$2a$10$bu.4RyjMvfIddPyM9V.bV.L5izzh8urGhWNaj2Sk0kthHuRTqpUx6',1512813861584,1512813861584,1,'Nguyễn Văn H','HuyGiang 7','user.png','097835607','user',NULL,0),(101,'huygiang8@gmail.com','$2a$10$bu.4RyjMvfIddPyM9V.bV.L5izzh8urGhWNaj2Sk0kthHuRTqpUx6',1512813861584,1512813861584,1,'Nguyễn Văn I','HuyGiang 8','user.png','097835608','user',NULL,0),(102,'huygiang9@gmail.com','$2a$10$bu.4RyjMvfIddPyM9V.bV.L5izzh8urGhWNaj2Sk0kthHuRTqpUx6',1512813861584,1512813861584,1,'Nguyễn Văn J','HuyGiang 9','user.png','097835609','user',NULL,0),(103,'huygiang10@gmail.com','$2a$10$bu.4RyjMvfIddPyM9V.bV.L5izzh8urGhWNaj2Sk0kthHuRTqpUx6',1512813861584,1512813861584,1,'Nguyễn Văn K','HuyGiang 10','user.png','0978356010','user',NULL,0),(104,'huygiang11@gmail.com','$2a$10$bu.4RyjMvfIddPyM9V.bV.L5izzh8urGhWNaj2Sk0kthHuRTqpUx6',1512813861584,1512813861584,1,'Nguyễn Văn L','HuyGiang 11','user.png','0978356011','user',NULL,0),(105,'huygiang12@gmail.com','$2a$10$bu.4RyjMvfIddPyM9V.bV.L5izzh8urGhWNaj2Sk0kthHuRTqpUx6',1512813861584,1512813861584,1,'Nguyễn Văn M','HuyGiang 12','user.png','0978356012','user',NULL,0),(106,'huygiang13@gmail.com','$2a$10$bu.4RyjMvfIddPyM9V.bV.L5izzh8urGhWNaj2Sk0kthHuRTqpUx6',1512813861584,1512813861584,1,'Nguyễn Văn N','HuyGiang 13','user.png','0978356013','user',NULL,0),(107,'huygiang14@gmail.com','$2a$10$bu.4RyjMvfIddPyM9V.bV.L5izzh8urGhWNaj2Sk0kthHuRTqpUx6',1512813861584,1512813861584,1,'Nguyễn Văn O','HuyGiang 14','user.png','0978356014','user',NULL,0),(108,'huygiang15@gmail.com','$2a$10$bu.4RyjMvfIddPyM9V.bV.L5izzh8urGhWNaj2Sk0kthHuRTqpUx6',1512813861584,1512813861584,1,'Nguyễn Văn P','HuyGiang 15','user.png','0978356015','user',NULL,0),(109,'huygiang16@gmail.com','$2a$10$bu.4RyjMvfIddPyM9V.bV.L5izzh8urGhWNaj2Sk0kthHuRTqpUx6',1512813861584,1512813861584,1,'Nguyễn Văn Q','HuyGiang 16','user.png','0978356016','user',NULL,0),(110,'huygiang17@gmail.com','$2a$10$bu.4RyjMvfIddPyM9V.bV.L5izzh8urGhWNaj2Sk0kthHuRTqpUx6',1512813861584,1512813861584,1,'Nguyễn Văn R','HuyGiang 17','user.png','0978356017','user',NULL,0),(111,'huygiang18@gmail.com','$2a$10$bu.4RyjMvfIddPyM9V.bV.L5izzh8urGhWNaj2Sk0kthHuRTqpUx6',1512813861584,1512813861584,1,'Nguyễn Văn S','HuyGiang 18','user.png','0978356018','user',NULL,0),(112,'huygiang19@gmail.com','$2a$10$bu.4RyjMvfIddPyM9V.bV.L5izzh8urGhWNaj2Sk0kthHuRTqpUx6',1512813861584,1512813861584,1,'Nguyễn Văn T','HuyGiang 19','user.png','0978356019','user',NULL,0),(113,'huygiang20@gmail.com','$2a$10$bu.4RyjMvfIddPyM9V.bV.L5izzh8urGhWNaj2Sk0kthHuRTqpUx6',1512813861584,1512813861584,1,'Nguyễn Văn U','HuyGiang 20','user.png','0978356020','user',NULL,0),(114,'huygiang21@gmail.com','$2a$10$bu.4RyjMvfIddPyM9V.bV.L5izzh8urGhWNaj2Sk0kthHuRTqpUx6',1512813861584,1512813861584,1,'Nguyễn Văn V','HuyGiang 21','user.png','0978356021','user',NULL,0),(115,'huygiang22@gmail.com','$2a$10$bu.4RyjMvfIddPyM9V.bV.L5izzh8urGhWNaj2Sk0kthHuRTqpUx6',1512813861584,1512813861584,1,'Nguyễn Văn W','HuyGiang 22','user.png','0978356022','user',NULL,0),(116,'huygiang23@gmail.com','$2a$10$bu.4RyjMvfIddPyM9V.bV.L5izzh8urGhWNaj2Sk0kthHuRTqpUx6',1512813861584,1512813861584,1,'Nguyễn Văn X','HuyGiang 23','user.png','0978356023','user',NULL,0),(117,'huygiang24@gmail.com','$2a$10$bu.4RyjMvfIddPyM9V.bV.L5izzh8urGhWNaj2Sk0kthHuRTqpUx6',1512813861584,1512813861584,1,'Nguyễn Văn Y','HuyGiang 24','user.png','0978356024','user',NULL,0),(118,'huygiang25@gmail.com','$2a$10$bu.4RyjMvfIddPyM9V.bV.L5izzh8urGhWNaj2Sk0kthHuRTqpUx6',1512813861584,1512813861584,1,'Nguyễn Huy 7','HuyGiang 25','user.png','0978356025','user',NULL,0),(119,'huygiang26@gmail.com','$2a$10$bu.4RyjMvfIddPyM9V.bV.L5izzh8urGhWNaj2Sk0kthHuRTqpUx6',1512813861584,1512813861584,1,'Nguyễn Huy 8','HuyGiang 26','user.png','0978356026','user',NULL,0),(120,'huygiang27@gmail.com','$2a$10$bu.4RyjMvfIddPyM9V.bV.L5izzh8urGhWNaj2Sk0kthHuRTqpUx6',1512813861584,1512813861584,1,'Nguyễn Huy 9','HuyGiang 27','user.png','0978356027','user',NULL,0),(121,'huygiang28@gmail.com','$2a$10$bu.4RyjMvfIddPyM9V.bV.L5izzh8urGhWNaj2Sk0kthHuRTqpUx6',1512813861584,1512813861584,1,'Nguyễn Huy :','HuyGiang 28','user.png','0978356028','user',NULL,0),(122,'huygiang29@gmail.com','$2a$10$bu.4RyjMvfIddPyM9V.bV.L5izzh8urGhWNaj2Sk0kthHuRTqpUx6',1512813861584,1512813861584,1,'Nguyễn Huy ;','HuyGiang 29','user.png','0978356029','user',NULL,0),(123,'huygiang30@gmail.com','$2a$10$bu.4RyjMvfIddPyM9V.bV.L5izzh8urGhWNaj2Sk0kthHuRTqpUx6',1512813861584,1512813861584,1,'Nguyễn Huy <','HuyGiang 30','user.png','0978356030','user',NULL,0),(124,'huygiang31@gmail.com','$2a$10$bu.4RyjMvfIddPyM9V.bV.L5izzh8urGhWNaj2Sk0kthHuRTqpUx6',1512813861584,1512813861584,1,'Nguyễn Huy =','HuyGiang 31','user.png','0978356031','user',NULL,0),(125,'huygiang32@gmail.com','$2a$10$bu.4RyjMvfIddPyM9V.bV.L5izzh8urGhWNaj2Sk0kthHuRTqpUx6',1512813861584,1512813861584,1,'Nguyễn Huy >','HuyGiang 32','user.png','0978356032','user',NULL,0),(126,'huygiang33@gmail.com','$2a$10$bu.4RyjMvfIddPyM9V.bV.L5izzh8urGhWNaj2Sk0kthHuRTqpUx6',1512813861584,1512813861584,1,'Nguyễn Huy ?','HuyGiang 33','user.png','0978356033','user',NULL,0),(127,'huygiang34@gmail.com','$2a$10$bu.4RyjMvfIddPyM9V.bV.L5izzh8urGhWNaj2Sk0kthHuRTqpUx6',1512813861584,1512813861584,1,'Nguyễn Huy @','HuyGiang 34','user.png','0978356034','user',NULL,0),(128,'huygiang35@gmail.com','$2a$10$bu.4RyjMvfIddPyM9V.bV.L5izzh8urGhWNaj2Sk0kthHuRTqpUx6',1512813861584,1512813861584,1,'Nguyễn Huy A','HuyGiang 35','user.png','0978356035','user',NULL,0),(129,'huygiang36@gmail.com','$2a$10$bu.4RyjMvfIddPyM9V.bV.L5izzh8urGhWNaj2Sk0kthHuRTqpUx6',1512813861584,1512813861584,1,'Nguyễn Huy B','HuyGiang 36','user.png','0978356036','user',NULL,0),(130,'huygiang37@gmail.com','$2a$10$bu.4RyjMvfIddPyM9V.bV.L5izzh8urGhWNaj2Sk0kthHuRTqpUx6',1512813861584,1512813861584,1,'Nguyễn Huy C','HuyGiang 37','user.png','0978356037','user',NULL,0),(131,'huygiang38@gmail.com','$2a$10$bu.4RyjMvfIddPyM9V.bV.L5izzh8urGhWNaj2Sk0kthHuRTqpUx6',1512813861584,1512813861584,1,'Nguyễn Huy D','HuyGiang 38','user.png','0978356038','user',NULL,0),(132,'huygiang39@gmail.com','$2a$10$bu.4RyjMvfIddPyM9V.bV.L5izzh8urGhWNaj2Sk0kthHuRTqpUx6',1512813861584,1512813861584,1,'Nguyễn Huy E','HuyGiang 39','user.png','0978356039','user',NULL,0),(133,'huygiang40@gmail.com','$2a$10$bu.4RyjMvfIddPyM9V.bV.L5izzh8urGhWNaj2Sk0kthHuRTqpUx6',1512813861584,1512813861584,1,'Nguyễn Huy F','HuyGiang 40','user.png','0978356040','user',NULL,0),(134,'huygiang41@gmail.com','$2a$10$bu.4RyjMvfIddPyM9V.bV.L5izzh8urGhWNaj2Sk0kthHuRTqpUx6',1512813861584,1512813861584,1,'Nguyễn Huy G','HuyGiang 41','user.png','0978356041','user',NULL,0),(135,'huygiang42@gmail.com','$2a$10$bu.4RyjMvfIddPyM9V.bV.L5izzh8urGhWNaj2Sk0kthHuRTqpUx6',1512813861584,1512813861584,1,'Nguyễn Huy H','HuyGiang 42','user.png','0978356042','user',NULL,0),(136,'huygiang43@gmail.com','$2a$10$bu.4RyjMvfIddPyM9V.bV.L5izzh8urGhWNaj2Sk0kthHuRTqpUx6',1512813861584,1512813861584,1,'Nguyễn Huy I','HuyGiang 43','user.png','0978356043','user',NULL,0),(137,'huygiang44@gmail.com','$2a$10$bu.4RyjMvfIddPyM9V.bV.L5izzh8urGhWNaj2Sk0kthHuRTqpUx6',1512813861584,1512813861584,1,'Nguyễn Huy J','HuyGiang 44','user.png','0978356044','user',NULL,0),(138,'huygiang45@gmail.com','$2a$10$Ub6o9/EVt3x7M1zwtETV5OgyWRFUo44eaYlbEQiYEYrkaL7frJGkm',1512813861584,1512813861584,1,'Nguyễn Huy K','HuyGiang 45','user.png','0978356045','user',NULL,1),(139,'huygiang46@gmail.com','$2a$10$bu.4RyjMvfIddPyM9V.bV.L5izzh8urGhWNaj2Sk0kthHuRTqpUx6',1512813861584,1512813861584,1,'Nguyễn Huy L','HuyGiang 46','user.png','0978356046','user',NULL,0),(140,'huygiang47@gmail.com','$2a$10$bu.4RyjMvfIddPyM9V.bV.L5izzh8urGhWNaj2Sk0kthHuRTqpUx6',1512813861584,1512813861584,1,'Nguyễn Huy M','HuyGiang 47','user.png','0978356047','user',NULL,0),(141,'huygiang48@gmail.com','$2a$10$bu.4RyjMvfIddPyM9V.bV.L5izzh8urGhWNaj2Sk0kthHuRTqpUx6',1512813861584,1512813861584,1,'Nguyễn Huy N','HuyGiang 48','user.png','0978356048','user',NULL,0),(142,'huygiang49@gmail.com','$2a$10$bu.4RyjMvfIddPyM9V.bV.L5izzh8urGhWNaj2Sk0kthHuRTqpUx6',1512813861584,1512813861584,1,'Nguyễn Huy O','HuyGiang 49','user.png','0978356049','user',NULL,0);
/*!40000 ALTER TABLE `account` ENABLE KEYS */;
UNLOCK TABLES;

--
-- Table structure for table `assignment`
--

DROP TABLE IF EXISTS `assignment`;
/*!40101 SET @saved_cs_client     = @@character_set_client */;
/*!40101 SET character_set_client = utf8 */;
CREATE TABLE `assignment` (
  `id` int(11) NOT NULL AUTO_INCREMENT,
  `title` mediumtext,
  `content` longtext,
  `course_id` int(11) DEFAULT NULL,
  `created_at` bigint(20) DEFAULT NULL,
  `time_end` bigint(20) DEFAULT NULL,
  `lesson_id` int(11) DEFAULT NULL,
  `group_submit` tinyint(4) DEFAULT NULL,
  PRIMARY KEY (`id`),
  KEY `asfdsaf_idx` (`course_id`),
  CONSTRAINT `asfdsaf` FOREIGN KEY (`course_id`) REFERENCES `course` (`id`) ON DELETE NO ACTION ON UPDATE NO ACTION
) ENGINE=InnoDB AUTO_INCREMENT=12 DEFAULT CHARSET=utf8;
/*!40101 SET character_set_client = @saved_cs_client */;

--
-- Dumping data for table `assignment`
--

LOCK TABLES `assignment` WRITE;
/*!40000 ALTER TABLE `assignment` DISABLE KEYS */;
INSERT INTO `assignment` VALUES (1,'Bài tập số 1','Nội dung bài tập số 1',3,1513274285450,1514570400000,7,1),(2,'Bài tập 1','Nội dung abcd ....',3,1513278341629,1514502000000,8,1),(3,'Bài 2','Nội dung bài 2',3,1513278432369,1512928800000,13,0),(4,'Bài 1','Bài 1',3,1513278532753,1512412200000,12,0),(6,'Bài tập số 2','Nội dung bài tập số 2:<br/> - Spring Boot là một dự án khá nổi bật trong hệ sinh thái Spring Framework. Nếu như trước đây, công đoạn khởi tạo một dự án Spring khá vất vả từ việc khai báo các dependency trong file pom.xml cho đến cấu hình bằng XML hoặc annotation phức tạp, thì giờ đây với Spring Boot, chúng ta có thể tạo dự án Spring một cách nhanh chóng và cấu hình cũng đơn giản hơn.',1,1513320419427,1514602800000,3,1),(8,'Bài tập kỹ thuật truyền tin','Nội dung bài tập',1,1513326077139,0,2,0),(10,'Bài tập kỹ thuật truyền tin','Nội dung bài tập ',1,1513419350830,1514394000000,2,0),(11,'Bài tập mới','Nội dung bài tập mới<br/>Nội dung đã chỉnh sửa',1,1513765326963,1512493200000,2,1);
/*!40000 ALTER TABLE `assignment` ENABLE KEYS */;
UNLOCK TABLES;

--
-- Table structure for table `assignment_submit`
--

DROP TABLE IF EXISTS `assignment_submit`;
/*!40101 SET @saved_cs_client     = @@character_set_client */;
/*!40101 SET character_set_client = utf8 */;
CREATE TABLE `assignment_submit` (
  `id` int(11) NOT NULL AUTO_INCREMENT,
  `assignment_id` int(11) DEFAULT NULL,
  `member_id` int(11) DEFAULT NULL,
  `root` int(11) DEFAULT NULL,
  `created_at` bigint(20) DEFAULT NULL,
  `updated_at` bigint(20) DEFAULT NULL,
  PRIMARY KEY (`id`),
  KEY `badf_idx` (`member_id`),
  KEY `fasfasg_idx` (`assignment_id`),
  CONSTRAINT `badf` FOREIGN KEY (`member_id`) REFERENCES `course_member` (`id`) ON DELETE NO ACTION ON UPDATE NO ACTION,
  CONSTRAINT `fasfasg` FOREIGN KEY (`assignment_id`) REFERENCES `assignment` (`id`) ON DELETE CASCADE ON UPDATE NO ACTION
) ENGINE=InnoDB AUTO_INCREMENT=15 DEFAULT CHARSET=utf8;
/*!40101 SET character_set_client = @saved_cs_client */;

--
-- Dumping data for table `assignment_submit`
--

LOCK TABLES `assignment_submit` WRITE;
/*!40000 ALTER TABLE `assignment_submit` DISABLE KEYS */;
INSERT INTO `assignment_submit` VALUES (11,6,4,0,1513418733503,1513418733503),(12,6,5,11,1513418733503,1513418733503),(13,6,17,11,1513418733503,1513418733503),(14,10,4,0,1513419406154,1513419406154);
/*!40000 ALTER TABLE `assignment_submit` ENABLE KEYS */;
UNLOCK TABLES;

--
-- Table structure for table `comment`
--

DROP TABLE IF EXISTS `comment`;
/*!40101 SET @saved_cs_client     = @@character_set_client */;
/*!40101 SET character_set_client = utf8 */;
CREATE TABLE `comment` (
  `id` int(11) NOT NULL AUTO_INCREMENT,
  `content` varchar(255) DEFAULT NULL,
  `status` tinyint(1) DEFAULT NULL,
  `post_id` int(11) NOT NULL,
  `comment_parent_id` int(11) NOT NULL,
  `course_member_id` int(11) NOT NULL,
  PRIMARY KEY (`id`),
  KEY `fk_comment_post1_idx` (`post_id`),
  KEY `fk_comment_comment1_idx` (`comment_parent_id`),
  KEY `fk_comment_course_member1_idx` (`course_member_id`),
  CONSTRAINT `fk_comment_comment1` FOREIGN KEY (`comment_parent_id`) REFERENCES `comment` (`id`) ON DELETE NO ACTION ON UPDATE NO ACTION,
  CONSTRAINT `fk_comment_course_member1` FOREIGN KEY (`course_member_id`) REFERENCES `course_member` (`id`) ON DELETE NO ACTION ON UPDATE NO ACTION,
  CONSTRAINT `fk_comment_post1` FOREIGN KEY (`post_id`) REFERENCES `post` (`id`) ON DELETE NO ACTION ON UPDATE NO ACTION
) ENGINE=InnoDB DEFAULT CHARSET=utf8;
/*!40101 SET character_set_client = @saved_cs_client */;

--
-- Dumping data for table `comment`
--

LOCK TABLES `comment` WRITE;
/*!40000 ALTER TABLE `comment` DISABLE KEYS */;
/*!40000 ALTER TABLE `comment` ENABLE KEYS */;
UNLOCK TABLES;

--
-- Table structure for table `conversation`
--

DROP TABLE IF EXISTS `conversation`;
/*!40101 SET @saved_cs_client     = @@character_set_client */;
/*!40101 SET character_set_client = utf8 */;
CREATE TABLE `conversation` (
  `id` int(11) NOT NULL AUTO_INCREMENT,
  `time` int(11) DEFAULT NULL,
  `status` tinyint(1) DEFAULT NULL,
  `account_id1` int(11) NOT NULL,
  `account_id2` int(11) NOT NULL,
  PRIMARY KEY (`id`),
  KEY `fk_conversation_account2_idx` (`account_id1`),
  KEY `fk_conversation_account1_idx` (`account_id2`),
  CONSTRAINT `fk_conversation_account1` FOREIGN KEY (`account_id2`) REFERENCES `account` (`id`) ON DELETE NO ACTION ON UPDATE NO ACTION,
  CONSTRAINT `fk_conversation_account2` FOREIGN KEY (`account_id1`) REFERENCES `account` (`id`) ON DELETE NO ACTION ON UPDATE NO ACTION
) ENGINE=InnoDB DEFAULT CHARSET=utf8;
/*!40101 SET character_set_client = @saved_cs_client */;

--
-- Dumping data for table `conversation`
--

LOCK TABLES `conversation` WRITE;
/*!40000 ALTER TABLE `conversation` DISABLE KEYS */;
/*!40000 ALTER TABLE `conversation` ENABLE KEYS */;
UNLOCK TABLES;

--
-- Table structure for table `conversation_reply`
--

DROP TABLE IF EXISTS `conversation_reply`;
/*!40101 SET @saved_cs_client     = @@character_set_client */;
/*!40101 SET character_set_client = utf8 */;
CREATE TABLE `conversation_reply` (
  `id` int(11) NOT NULL AUTO_INCREMENT,
  `content` varchar(255) DEFAULT NULL,
  `isRead` varchar(45) DEFAULT NULL,
  `time` int(11) DEFAULT NULL,
  `creator_id` int(11) NOT NULL,
  `conversation_id` int(11) NOT NULL,
  PRIMARY KEY (`id`),
  KEY `fk_conversation_reply_account1_idx` (`creator_id`),
  KEY `fk_conversation_reply_conversation1_idx` (`conversation_id`),
  CONSTRAINT `fk_conversation_reply_account1` FOREIGN KEY (`creator_id`) REFERENCES `account` (`id`) ON DELETE NO ACTION ON UPDATE NO ACTION,
  CONSTRAINT `fk_conversation_reply_conversation1` FOREIGN KEY (`conversation_id`) REFERENCES `conversation` (`id`) ON DELETE NO ACTION ON UPDATE NO ACTION
) ENGINE=InnoDB DEFAULT CHARSET=utf8;
/*!40101 SET character_set_client = @saved_cs_client */;

--
-- Dumping data for table `conversation_reply`
--

LOCK TABLES `conversation_reply` WRITE;
/*!40000 ALTER TABLE `conversation_reply` DISABLE KEYS */;
/*!40000 ALTER TABLE `conversation_reply` ENABLE KEYS */;
UNLOCK TABLES;

--
-- Table structure for table `course`
--

DROP TABLE IF EXISTS `course`;
/*!40101 SET @saved_cs_client     = @@character_set_client */;
/*!40101 SET character_set_client = utf8 */;
CREATE TABLE `course` (
  `id` int(11) NOT NULL AUTO_INCREMENT,
  `name` varchar(45) DEFAULT NULL,
  `info` mediumtext,
  `id_creater` int(11) NOT NULL,
  `time_start` bigint(20) DEFAULT NULL,
  `time_end` bigint(20) DEFAULT NULL,
  `status` tinyint(1) DEFAULT NULL,
  `private` tinyint(1) DEFAULT NULL,
  PRIMARY KEY (`id`),
  KEY `fk_course_account1_idx` (`id_creater`),
  CONSTRAINT `fk_course_account1` FOREIGN KEY (`id_creater`) REFERENCES `account` (`id`) ON DELETE NO ACTION ON UPDATE NO ACTION
) ENGINE=InnoDB AUTO_INCREMENT=26 DEFAULT CHARSET=utf8;
/*!40101 SET character_set_client = @saved_cs_client */;

--
-- Dumping data for table `course`
--

LOCK TABLES `course` WRITE;
/*!40000 ALTER TABLE `course` DISABLE KEYS */;
INSERT INTO `course` VALUES (1,'Kinh tế công nghệ phần mềm','Miêu tả về khóa học!',33,1512151804782,1512661864782,1,0),(2,'Giải Tích 2 -2016A','Miêu tả về khóa học!',33,1512151804782,1512571864782,2,0),(3,'Khóa học A -Năm Học 2010','Miêu tả về khóa học!',99,1513307472361,1511604505065,-1,0),(4,'Khóa học B -Năm Học 2011','Miêu tả về khóa học!',97,1513159447345,1511456480049,1,1),(5,'Khóa học C -Năm Học 2012','Miêu tả về khóa học!',99,1513529060142,1511826092846,0,1),(6,'Khóa học D -Năm Học 2013','Miêu tả về khóa học!',94,1514304200816,1512601233520,-1,1),(7,'Khóa học E -Năm Học 2014','Miêu tả về khóa học!',98,1513711861624,1512008894328,-1,0),(8,'Khóa học F -Năm Học 2015','Miêu tả về khóa học!',94,1513190434424,1511487467128,1,0),(9,'Khóa học G -Năm Học 2016','Miêu tả về khóa học!',93,1513495236351,1511792269055,-1,1),(10,'Khóa học H -Năm Học 2017','Miêu tả về khóa học!',98,1513761644589,1512058677293,0,1),(11,'Khóa học I -Năm Học 2018','Miêu tả về khóa học!',102,1513884908435,1512181941139,-1,0),(12,'Khóa học J -Năm Học 2019','Miêu tả về khóa học!',97,1513152394922,1511449427626,1,0),(13,'Khóa học K -Năm Học 2020','Miêu tả về khóa học!',99,1513590710842,1511887743546,1,0),(14,'Khóa học L -Năm Học 2021','Miêu tả về khóa học!',101,1514486832282,1512783864986,1,0),(15,'Khóa học M -Năm Học 2022','Miêu tả về khóa học!',97,1513137060261,1511434092965,-1,0),(16,'Khóa học N -Năm Học 2023','Miêu tả về khóa học!',98,1514486307825,1512783340529,1,0),(17,'Khóa học O -Năm Học 2024','Miêu tả về khóa học!',100,1514494912328,1512791945032,0,1),(18,'Khóa học P -Năm Học 2025','Miêu tả về khóa học!',95,1514330853849,1512627886553,0,0),(19,'Khóa học Q -Năm Học 2026','Miêu tả về khóa học!',100,1513055947414,1511352980118,-1,1),(20,'Khóa học R -Năm Học 2027','Miêu tả về khóa học!',93,1514523266003,1512820298707,1,0),(21,'Khóa học S -Năm Học 2028','Miêu tả về khóa học!',100,1513761736637,1512058769341,0,0),(22,'Khóa học T -Năm Học 2029','Miêu tả về khóa học!',96,1513688540979,1511985573683,-1,1),(24,'Khóa học mới thêm','Mô tả về khóa học',33,1513472400000,1514394000000,1,1),(25,'','',33,0,0,1,1);
/*!40000 ALTER TABLE `course` ENABLE KEYS */;
UNLOCK TABLES;

--
-- Table structure for table `course_folder`
--

DROP TABLE IF EXISTS `course_folder`;
/*!40101 SET @saved_cs_client     = @@character_set_client */;
/*!40101 SET character_set_client = utf8 */;
CREATE TABLE `course_folder` (
  `id` int(11) NOT NULL AUTO_INCREMENT,
  `name` varchar(45) DEFAULT NULL,
  `describe` varchar(45) DEFAULT NULL,
  `course_id` int(11) NOT NULL,
  `course_folder_parent` int(11) NOT NULL,
  PRIMARY KEY (`id`),
  KEY `fk_course_folder_course1_idx` (`course_id`),
  KEY `fk_course_folder_course_folder1_idx` (`course_folder_parent`),
  CONSTRAINT `fk_course_folder_course1` FOREIGN KEY (`course_id`) REFERENCES `course` (`id`) ON DELETE NO ACTION ON UPDATE NO ACTION,
  CONSTRAINT `fk_course_folder_course_folder1` FOREIGN KEY (`course_folder_parent`) REFERENCES `course_folder` (`id`) ON DELETE NO ACTION ON UPDATE NO ACTION
) ENGINE=InnoDB DEFAULT CHARSET=utf8;
/*!40101 SET character_set_client = @saved_cs_client */;

--
-- Dumping data for table `course_folder`
--

LOCK TABLES `course_folder` WRITE;
/*!40000 ALTER TABLE `course_folder` DISABLE KEYS */;
/*!40000 ALTER TABLE `course_folder` ENABLE KEYS */;
UNLOCK TABLES;

--
-- Table structure for table `course_group`
--

DROP TABLE IF EXISTS `course_group`;
/*!40101 SET @saved_cs_client     = @@character_set_client */;
/*!40101 SET character_set_client = utf8 */;
CREATE TABLE `course_group` (
  `id` int(11) NOT NULL AUTO_INCREMENT,
  `name` varchar(56) DEFAULT NULL,
  `course_id` int(11) DEFAULT NULL,
  `created_at` bigint(20) DEFAULT NULL,
  PRIMARY KEY (`id`),
  KEY `asdfas_idx` (`course_id`),
  CONSTRAINT `dd` FOREIGN KEY (`course_id`) REFERENCES `course` (`id`) ON DELETE CASCADE ON UPDATE NO ACTION
) ENGINE=InnoDB AUTO_INCREMENT=12 DEFAULT CHARSET=utf8;
/*!40101 SET character_set_client = @saved_cs_client */;

--
-- Dumping data for table `course_group`
--

LOCK TABLES `course_group` WRITE;
/*!40000 ALTER TABLE `course_group` DISABLE KEYS */;
INSERT INTO `course_group` VALUES (2,'Group 2',1,1513332923408),(3,'Group 3',1,1513332923408),(4,'Group 4',1,1513332923408),(5,'Group 5',1,1513332923408),(6,'Group 1',1,1513426742121),(7,'Group 1',24,1513501147713),(8,'Group 2',24,1513501147713),(9,'Group 3',24,1513501147713),(10,'Group 4',24,1513501147713),(11,'Group 5',24,1513501147713);
/*!40000 ALTER TABLE `course_group` ENABLE KEYS */;
UNLOCK TABLES;

--
-- Table structure for table `course_log`
--

DROP TABLE IF EXISTS `course_log`;
/*!40101 SET @saved_cs_client     = @@character_set_client */;
/*!40101 SET character_set_client = utf8 */;
CREATE TABLE `course_log` (
  `id` int(11) NOT NULL AUTO_INCREMENT,
  `describe` varchar(45) DEFAULT NULL,
  `course_member_id` int(11) NOT NULL,
  `course_id` int(11) NOT NULL,
  PRIMARY KEY (`id`),
  KEY `fk_course_log_course_member1_idx` (`course_member_id`),
  KEY `fk_course_log_course1_idx` (`course_id`),
  CONSTRAINT `fk_course_log_course1` FOREIGN KEY (`course_id`) REFERENCES `course` (`id`) ON DELETE NO ACTION ON UPDATE NO ACTION,
  CONSTRAINT `fk_course_log_course_member1` FOREIGN KEY (`course_member_id`) REFERENCES `course_member` (`id`) ON DELETE NO ACTION ON UPDATE NO ACTION
) ENGINE=InnoDB DEFAULT CHARSET=utf8;
/*!40101 SET character_set_client = @saved_cs_client */;

--
-- Dumping data for table `course_log`
--

LOCK TABLES `course_log` WRITE;
/*!40000 ALTER TABLE `course_log` DISABLE KEYS */;
/*!40000 ALTER TABLE `course_log` ENABLE KEYS */;
UNLOCK TABLES;

--
-- Table structure for table `course_member`
--

DROP TABLE IF EXISTS `course_member`;
/*!40101 SET @saved_cs_client     = @@character_set_client */;
/*!40101 SET character_set_client = utf8 */;
CREATE TABLE `course_member` (
  `id` int(11) NOT NULL AUTO_INCREMENT,
  `role` varchar(45) DEFAULT NULL,
  `alias` varchar(45) DEFAULT NULL,
  `status` int(11) DEFAULT NULL,
  `course_id` int(11) NOT NULL,
  `account_id` int(11) NOT NULL,
  `group_id` int(11) DEFAULT '0',
  PRIMARY KEY (`id`),
  KEY `fk_course_member_course1_idx` (`course_id`),
  KEY `fk_course_member_account1_idx` (`account_id`),
  CONSTRAINT `fk_course_member_account1` FOREIGN KEY (`account_id`) REFERENCES `account` (`id`) ON DELETE NO ACTION ON UPDATE NO ACTION,
  CONSTRAINT `fk_course_member_course1` FOREIGN KEY (`course_id`) REFERENCES `course` (`id`) ON DELETE NO ACTION ON UPDATE NO ACTION
) ENGINE=InnoDB AUTO_INCREMENT=322 DEFAULT CHARSET=utf8;
/*!40101 SET character_set_client = @saved_cs_client */;

--
-- Dumping data for table `course_member`
--

LOCK TABLES `course_member` WRITE;
/*!40000 ALTER TABLE `course_member` DISABLE KEYS */;
INSERT INTO `course_member` VALUES (1,'admin','Nguyen Huy Giang',1,1,33,-1),(2,'admin','Hihi',1,2,33,0),(4,'member','Nguyễn Văn A',1,1,138,6),(5,'member','Nguyễn Văn B',1,1,123,6),(6,'member','Nguyễn Văn C',1,1,124,3),(7,'member','Nguyễn Văn D',1,1,114,4),(8,'member','Nguyễn Văn E',1,1,121,5),(9,'member','Nguyễn Văn F',1,1,117,5),(10,'member','Nguyễn Văn G',1,1,104,2),(11,'member','Nguyễn Văn H',1,1,108,3),(12,'member','Nguyễn Văn I',1,1,135,4),(13,'member','Nguyễn Văn J',1,1,105,2),(14,'member','Nguyễn Văn K',1,1,141,3),(15,'member','Nguyễn Văn L',1,1,107,4),(16,'member','Nguyễn Văn M',1,1,125,5),(17,'member','Nguyễn Văn N',1,1,115,6),(18,'member','Nguyễn Văn O',1,1,112,2),(19,'member','Nguyễn Văn A',1,2,126,0),(21,'member','Nguyễn Văn C',1,2,118,0),(22,'member','Nguyễn Văn D',1,2,125,0),(23,'member','Nguyễn Văn E',1,2,111,0),(24,'member','Nguyễn Văn F',1,2,116,0),(25,'member','Nguyễn Văn G',1,2,115,0),(26,'member','Nguyễn Văn H',1,2,124,0),(27,'member','Nguyễn Văn I',1,2,132,0),(28,'member','Nguyễn Văn J',1,2,108,0),(29,'member','Nguyễn Văn K',1,2,107,0),(30,'member','Nguyễn Văn L',1,2,127,0),(31,'member','Nguyễn Văn M',1,2,112,0),(33,'member','Nguyễn Văn B',1,3,131,0),(34,'member','Nguyễn Văn C',1,3,110,0),(35,'member','Nguyễn Văn D',1,3,129,0),(36,'member','Nguyễn Văn E',1,3,122,0),(37,'admin','Nguyễn Văn F',1,3,33,0),(38,'member','Nguyễn Văn G',1,3,112,0),(39,'member','Nguyễn Văn H',1,3,118,0),(40,'member','Nguyễn Văn I',1,3,106,0),(41,'member','Nguyễn Văn J',1,3,139,0),(42,'member','Nguyễn Văn K',1,3,104,0),(43,'member','Nguyễn Văn L',1,3,141,0),(44,'member','Nguyễn Văn M',1,3,105,0),(45,'member','Nguyễn Văn N',1,3,132,0),(46,'member','Nguyễn Văn O',1,3,137,0),(47,'member','Nguyễn Văn A',1,4,123,0),(48,'member','Nguyễn Văn B',1,4,119,0),(49,'member','Nguyễn Văn C',1,4,139,0),(50,'member','Nguyễn Văn D',1,4,130,0),(51,'member','Nguyễn Văn E',1,4,113,0),(52,'member','Nguyễn Văn F',1,4,134,0),(53,'member','Nguyễn Văn G',1,4,116,0),(54,'admin','Nguyễn Văn H',1,4,33,0),(55,'member','Nguyễn Văn I',1,4,108,0),(56,'member','Nguyễn Văn J',1,4,129,0),(57,'member','Nguyễn Văn K',1,4,109,0),(58,'member','Nguyễn Văn L',1,4,120,0),(59,'member','Nguyễn Văn M',1,4,140,0),(60,'member','Nguyễn Văn A',1,5,138,0),(61,'member','Nguyễn Văn B',1,5,117,0),(62,'member','Nguyễn Văn C',1,5,131,0),(63,'member','Nguyễn Văn D',1,5,133,0),(64,'member','Nguyễn Văn E',1,5,129,0),(65,'member','Nguyễn Văn F',1,5,116,0),(66,'member','Nguyễn Văn G',1,5,113,0),(67,'member','Nguyễn Văn H',1,5,112,0),(68,'member','Nguyễn Văn I',1,5,123,0),(69,'member','Nguyễn Văn J',1,5,106,0),(70,'member','Nguyễn Văn K',1,5,141,0),(71,'member','Nguyễn Văn A',1,6,130,0),(72,'member','Nguyễn Văn B',1,6,116,0),(73,'member','Nguyễn Văn C',1,6,118,0),(74,'member','Nguyễn Văn D',1,6,127,0),(75,'member','Nguyễn Văn E',1,6,110,0),(76,'member','Nguyễn Văn F',1,6,126,0),(77,'member','Nguyễn Văn G',1,6,135,0),(78,'member','Nguyễn Văn H',1,6,105,0),(79,'member','Nguyễn Văn I',1,6,123,0),(80,'member','Nguyễn Văn J',1,6,111,0),(81,'member','Nguyễn Văn A',1,7,116,0),(82,'member','Nguyễn Văn B',1,7,117,0),(83,'member','Nguyễn Văn C',1,7,124,0),(84,'member','Nguyễn Văn D',1,7,128,0),(85,'member','Nguyễn Văn E',1,7,120,0),(86,'member','Nguyễn Văn F',1,7,104,0),(87,'member','Nguyễn Văn G',1,7,108,0),(88,'member','Nguyễn Văn H',1,7,114,0),(89,'member','Nguyễn Văn I',1,7,109,0),(90,'member','Nguyễn Văn J',1,7,107,0),(91,'member','Nguyễn Văn K',1,7,118,0),(92,'member','Nguyễn Văn L',1,7,125,0),(93,'member','Nguyễn Văn M',1,7,119,0),(94,'member','Nguyễn Văn N',1,7,131,0),(95,'member','Nguyễn Văn O',1,7,123,0),(96,'member','Nguyễn Văn P',1,7,103,0),(97,'member','Nguyễn Văn Q',1,7,140,0),(98,'member','Nguyễn Văn A',1,8,116,0),(99,'member','Nguyễn Văn B',1,8,139,0),(100,'member','Nguyễn Văn C',1,8,127,0),(101,'member','Nguyễn Văn D',1,8,110,0),(102,'member','Nguyễn Văn E',1,8,124,0),(103,'member','Nguyễn Văn F',1,8,128,0),(104,'member','Nguyễn Văn G',1,8,132,0),(105,'member','Nguyễn Văn H',1,8,125,0),(106,'member','Nguyễn Văn I',1,8,137,0),(107,'member','Nguyễn Văn J',1,8,112,0),(108,'member','Nguyễn Văn K',1,8,103,0),(109,'member','Nguyễn Văn L',1,8,130,0),(110,'member','Nguyễn Văn M',1,8,109,0),(111,'member','Nguyễn Văn N',1,8,140,0),(112,'member','Nguyễn Văn O',1,8,104,0),(113,'member','Nguyễn Văn A',1,9,129,0),(114,'member','Nguyễn Văn B',1,9,115,0),(115,'member','Nguyễn Văn C',1,9,106,0),(116,'member','Nguyễn Văn D',1,9,109,0),(117,'member','Nguyễn Văn E',1,9,117,0),(118,'member','Nguyễn Văn F',1,9,130,0),(119,'member','Nguyễn Văn G',1,9,113,0),(120,'member','Nguyễn Văn H',1,9,119,0),(121,'member','Nguyễn Văn I',1,9,107,0),(122,'member','Nguyễn Văn J',1,9,124,0),(123,'member','Nguyễn Văn K',1,9,114,0),(124,'member','Nguyễn Văn L',1,9,121,0),(125,'member','Nguyễn Văn M',1,9,105,0),(126,'member','Nguyễn Văn N',1,9,133,0),(127,'member','Nguyễn Văn O',1,9,103,0),(128,'member','Nguyễn Văn P',1,9,127,0),(129,'member','Nguyễn Văn Q',1,9,116,0),(130,'member','Nguyễn Văn R',1,9,136,0),(131,'member','Nguyễn Văn S',1,9,110,0),(132,'member','Nguyễn Văn A',1,10,135,0),(133,'member','Nguyễn Văn B',1,10,120,0),(134,'member','Nguyễn Văn C',1,10,139,0),(135,'member','Nguyễn Văn D',1,10,112,0),(136,'member','Nguyễn Văn E',1,10,126,0),(137,'member','Nguyễn Văn F',1,10,105,0),(138,'member','Nguyễn Văn G',1,10,106,0),(139,'member','Nguyễn Văn H',1,10,125,0),(140,'member','Nguyễn Văn I',1,10,133,0),(141,'member','Nguyễn Văn J',1,10,121,0),(142,'member','Nguyễn Văn K',1,10,124,0),(143,'member','Nguyễn Văn L',1,10,138,0),(144,'member','Nguyễn Văn M',1,10,115,0),(145,'member','Nguyễn Văn N',1,10,114,0),(146,'member','Nguyễn Văn A',1,11,137,0),(147,'member','Nguyễn Văn B',1,11,120,0),(148,'member','Nguyễn Văn C',1,11,125,0),(149,'member','Nguyễn Văn D',1,11,129,0),(150,'member','Nguyễn Văn E',1,11,135,0),(151,'member','Nguyễn Văn F',1,11,118,0),(152,'member','Nguyễn Văn G',1,11,134,0),(153,'member','Nguyễn Văn H',1,11,116,0),(154,'member','Nguyễn Văn I',1,11,138,0),(155,'member','Nguyễn Văn J',1,11,121,0),(156,'member','Nguyễn Văn K',1,11,122,0),(157,'member','Nguyễn Văn L',1,11,141,0),(158,'member','Nguyễn Văn A',1,12,139,0),(159,'member','Nguyễn Văn B',1,12,114,0),(160,'member','Nguyễn Văn C',1,12,105,0),(161,'member','Nguyễn Văn D',1,12,121,0),(162,'member','Nguyễn Văn E',1,12,108,0),(163,'member','Nguyễn Văn F',1,12,116,0),(164,'member','Nguyễn Văn G',1,12,112,0),(165,'member','Nguyễn Văn H',1,12,118,0),(166,'member','Nguyễn Văn I',1,12,109,0),(167,'member','Nguyễn Văn J',1,12,125,0),(168,'member','Nguyễn Văn K',1,12,122,0),(169,'member','Nguyễn Văn L',1,12,134,0),(170,'member','Nguyễn Văn M',1,12,128,0),(171,'member','Nguyễn Văn N',1,12,106,0),(172,'member','Nguyễn Văn O',1,12,120,0),(173,'member','Nguyễn Văn P',1,12,133,0),(174,'member','Nguyễn Văn A',1,13,126,0),(175,'member','Nguyễn Văn B',1,13,134,0),(176,'member','Nguyễn Văn C',1,13,123,0),(177,'member','Nguyễn Văn D',1,13,137,0),(178,'member','Nguyễn Văn E',1,13,141,0),(179,'member','Nguyễn Văn F',1,13,115,0),(180,'member','Nguyễn Văn G',1,13,138,0),(181,'member','Nguyễn Văn H',1,13,128,0),(182,'member','Nguyễn Văn I',1,13,127,0),(183,'member','Nguyễn Văn J',1,13,117,0),(184,'member','Nguyễn Văn A',1,14,123,0),(185,'member','Nguyễn Văn B',1,14,135,0),(186,'member','Nguyễn Văn C',1,14,126,0),(187,'member','Nguyễn Văn D',1,14,107,0),(188,'member','Nguyễn Văn E',1,14,139,0),(189,'member','Nguyễn Văn F',1,14,111,0),(190,'member','Nguyễn Văn G',1,14,131,0),(191,'member','Nguyễn Văn H',1,14,117,0),(192,'member','Nguyễn Văn I',1,14,116,0),(193,'member','Nguyễn Văn J',1,14,119,0),(194,'member','Nguyễn Văn K',1,14,128,0),(195,'member','Nguyễn Văn L',1,14,110,0),(196,'member','Nguyễn Văn M',1,14,103,0),(197,'member','Nguyễn Văn N',1,14,138,0),(198,'member','Nguyễn Văn O',1,14,130,0),(199,'member','Nguyễn Văn P',1,14,129,0),(200,'member','Nguyễn Văn Q',1,14,108,0),(201,'member','Nguyễn Văn A',1,15,105,0),(202,'member','Nguyễn Văn B',1,15,118,0),(203,'member','Nguyễn Văn C',1,15,121,0),(204,'member','Nguyễn Văn D',1,15,114,0),(205,'member','Nguyễn Văn E',1,15,131,0),(206,'member','Nguyễn Văn F',1,15,106,0),(207,'member','Nguyễn Văn G',1,15,116,0),(208,'member','Nguyễn Văn H',1,15,138,0),(209,'member','Nguyễn Văn I',1,15,117,0),(210,'member','Nguyễn Văn J',1,15,126,0),(211,'member','Nguyễn Văn K',1,15,128,0),(212,'member','Nguyễn Văn L',1,15,139,0),(213,'member','Nguyễn Văn M',1,15,122,0),(214,'member','Nguyễn Văn N',1,15,110,0),(215,'member','Nguyễn Văn O',1,15,137,0),(216,'member','Nguyễn Văn P',1,15,112,0),(217,'member','Nguyễn Văn Q',1,15,134,0),(218,'member','Nguyễn Văn A',1,16,133,0),(219,'member','Nguyễn Văn B',1,16,109,0),(220,'member','Nguyễn Văn C',1,16,117,0),(221,'member','Nguyễn Văn D',1,16,104,0),(222,'member','Nguyễn Văn E',1,16,111,0),(223,'member','Nguyễn Văn F',1,16,139,0),(224,'member','Nguyễn Văn G',1,16,140,0),(225,'member','Nguyễn Văn H',1,16,128,0),(226,'member','Nguyễn Văn I',1,16,136,0),(227,'member','Nguyễn Văn J',1,16,132,0),(228,'member','Nguyễn Văn K',1,16,138,0),(229,'member','Nguyễn Văn L',1,16,135,0),(230,'member','Nguyễn Văn M',1,16,134,0),(231,'member','Nguyễn Văn N',1,16,121,0),(232,'member','Nguyễn Văn O',1,16,114,0),(233,'member','Nguyễn Văn P',1,16,127,0),(234,'member','Nguyễn Văn A',1,17,114,0),(235,'member','Nguyễn Văn B',1,17,109,0),(236,'member','Nguyễn Văn C',1,17,135,0),(237,'member','Nguyễn Văn D',1,17,108,0),(238,'member','Nguyễn Văn E',1,17,121,0),(239,'member','Nguyễn Văn F',1,17,124,0),(240,'member','Nguyễn Văn G',1,17,140,0),(241,'member','Nguyễn Văn H',1,17,103,0),(242,'member','Nguyễn Văn I',1,17,132,0),(243,'member','Nguyễn Văn J',1,17,105,0),(244,'member','Nguyễn Văn K',1,17,139,0),(245,'member','Nguyễn Văn L',1,17,115,0),(246,'member','Nguyễn Văn A',1,18,140,0),(247,'member','Nguyễn Văn B',1,18,127,0),(248,'member','Nguyễn Văn C',1,18,130,0),(249,'member','Nguyễn Văn D',1,18,125,0),(250,'member','Nguyễn Văn E',1,18,103,0),(251,'member','Nguyễn Văn F',1,18,136,0),(252,'member','Nguyễn Văn G',1,18,139,0),(253,'member','Nguyễn Văn H',1,18,118,0),(254,'member','Nguyễn Văn I',1,18,117,0),(255,'member','Nguyễn Văn J',1,18,115,0),(256,'member','Nguyễn Văn K',1,18,121,0),(257,'member','Nguyễn Văn L',1,18,110,0),(258,'member','Nguyễn Văn M',1,18,108,0),(259,'member','Nguyễn Văn A',1,19,116,0),(260,'member','Nguyễn Văn B',1,19,108,0),(261,'member','Nguyễn Văn C',1,19,135,0),(262,'member','Nguyễn Văn D',1,19,125,0),(263,'member','Nguyễn Văn E',1,19,137,0),(264,'member','Nguyễn Văn F',1,19,106,0),(265,'member','Nguyễn Văn G',1,19,141,0),(266,'member','Nguyễn Văn H',1,19,126,0),(267,'member','Nguyễn Văn I',1,19,120,0),(268,'member','Nguyễn Văn J',1,19,131,0),(269,'member','Nguyễn Văn K',1,19,128,0),(270,'member','Nguyễn Văn L',1,19,119,0),(271,'member','Nguyễn Văn M',1,19,127,0),(272,'member','Nguyễn Văn N',1,19,112,0),(273,'member','Nguyễn Văn O',1,19,114,0),(274,'member','Nguyễn Văn P',1,19,109,0),(275,'member','Nguyễn Văn Q',1,19,140,0),(276,'member','Nguyễn Văn R',1,19,122,0),(277,'member','Nguyễn Văn A',1,20,112,0),(278,'member','Nguyễn Văn B',1,20,128,0),(279,'member','Nguyễn Văn C',1,20,106,0),(280,'member','Nguyễn Văn D',1,20,119,0),(281,'member','Nguyễn Văn E',1,20,141,0),(282,'member','Nguyễn Văn F',1,20,103,0),(283,'member','Nguyễn Văn G',1,20,111,0),(284,'member','Nguyễn Văn H',1,20,113,0),(285,'member','Nguyễn Văn I',1,20,104,0),(286,'member','Nguyễn Văn J',1,20,114,0),(287,'member','Nguyễn Văn K',1,20,130,0),(288,'member','Nguyễn Văn L',1,20,117,0),(289,'member','Nguyễn Văn M',1,20,116,0),(290,'member','Nguyễn Văn A',1,21,117,0),(291,'member','Nguyễn Văn B',1,21,120,0),(292,'member','Nguyễn Văn C',1,21,137,0),(293,'member','Nguyễn Văn D',1,21,119,0),(294,'member','Nguyễn Văn E',1,21,115,0),(295,'member','Nguyễn Văn F',1,21,126,0),(296,'member','Nguyễn Văn G',1,21,140,0),(297,'member','Nguyễn Văn H',1,21,114,0),(298,'member','Nguyễn Văn I',1,21,129,0),(299,'member','Nguyễn Văn J',1,21,136,0),(300,'member','Nguyễn Văn K',1,21,141,0),(301,'member','Nguyễn Văn A',1,22,123,0),(302,'member','Nguyễn Văn B',1,22,141,0),(303,'member','Nguyễn Văn C',1,22,109,0),(304,'member','Nguyễn Văn D',1,22,113,0),(305,'member','Nguyễn Văn E',1,22,124,0),(306,'member','Nguyễn Văn F',1,22,122,0),(307,'member','Nguyễn Văn G',1,22,127,0),(308,'member','Nguyễn Văn H',1,22,110,0),(309,'member','Nguyễn Văn I',1,22,138,0),(310,'member','Nguyễn Văn J',1,22,106,0),(311,'member','Nguyễn Văn K',1,22,105,0),(312,'member','Nguyễn Văn L',1,22,112,0),(313,'member','Nguyễn Văn M',1,22,136,0),(314,'member','Nguyễn Văn N',1,22,119,0),(315,'member','Nguyễn Văn O',1,22,134,0),(316,'member','Nguyễn Văn P',1,22,137,0),(317,'member','Nguyễn Văn Q',1,22,107,0),(318,'member','Nguyễn Văn R',1,22,108,0),(319,'member','Nguyễn Văn S',1,22,121,0),(320,'admin','Giang Bk',1,24,33,-1),(321,'admin','Giang Bk',1,25,33,-1);
/*!40000 ALTER TABLE `course_member` ENABLE KEYS */;
UNLOCK TABLES;

--
-- Table structure for table `course_subject`
--

DROP TABLE IF EXISTS `course_subject`;
/*!40101 SET @saved_cs_client     = @@character_set_client */;
/*!40101 SET character_set_client = utf8 */;
CREATE TABLE `course_subject` (
  `id` int(11) NOT NULL AUTO_INCREMENT,
  `course_id` int(11) DEFAULT NULL,
  `subject_id` int(11) DEFAULT NULL,
  PRIMARY KEY (`id`),
  KEY `àdasfasdf_idx` (`course_id`),
  KEY `ádfasdgadfg_idx` (`subject_id`)
) ENGINE=InnoDB AUTO_INCREMENT=147 DEFAULT CHARSET=utf8;
/*!40101 SET character_set_client = @saved_cs_client */;

--
-- Dumping data for table `course_subject`
--

LOCK TABLES `course_subject` WRITE;
/*!40000 ALTER TABLE `course_subject` DISABLE KEYS */;
INSERT INTO `course_subject` VALUES (4,2,34),(5,2,35),(6,2,36),(7,3,34),(8,3,35),(9,3,36),(10,4,34),(11,4,35),(12,4,36),(13,5,34),(14,5,35),(15,5,36),(16,6,34),(17,6,35),(18,6,36),(19,7,34),(20,7,35),(21,7,36),(22,8,34),(23,8,35),(24,8,36),(25,9,34),(26,9,35),(27,9,36),(28,10,34),(29,10,35),(30,10,36),(31,11,34),(32,11,35),(33,11,36),(34,12,34),(35,12,35),(36,12,36),(37,13,34),(38,13,35),(39,13,36),(40,14,34),(41,14,35),(42,14,36),(43,15,34),(44,15,35),(45,15,36),(46,16,34),(47,16,35),(48,16,36),(49,17,34),(50,17,35),(51,17,36),(52,18,34),(53,18,35),(54,18,36),(55,19,34),(56,19,35),(57,19,36),(58,20,34),(59,20,35),(60,20,36),(61,21,34),(62,21,35),(63,21,36),(64,22,34),(65,22,35),(66,22,36),(70,2,34),(71,2,35),(72,2,36),(73,3,34),(74,3,35),(75,3,36),(76,4,34),(77,4,35),(78,4,36),(79,5,34),(80,5,35),(81,5,36),(82,6,34),(83,6,35),(84,6,36),(85,7,34),(86,7,35),(87,7,36),(88,8,34),(89,8,35),(90,8,36),(91,9,34),(92,9,35),(93,9,36),(94,10,34),(95,10,35),(96,10,36),(97,11,34),(98,11,35),(99,11,36),(100,12,34),(101,12,35),(102,12,36),(103,13,34),(104,13,35),(105,13,36),(106,14,34),(107,14,35),(108,14,36),(109,15,34),(110,15,35),(111,15,36),(112,16,34),(113,16,35),(114,16,36),(115,17,34),(116,17,35),(117,17,36),(118,18,34),(119,18,35),(120,18,36),(121,19,34),(122,19,35),(123,19,36),(124,20,34),(125,20,35),(126,20,36),(127,21,34),(128,21,35),(129,21,36),(130,22,34),(131,22,35),(132,22,36),(144,1,35),(145,1,36);
/*!40000 ALTER TABLE `course_subject` ENABLE KEYS */;
UNLOCK TABLES;

--
-- Table structure for table `databasechangelog`
--

DROP TABLE IF EXISTS `databasechangelog`;
/*!40101 SET @saved_cs_client     = @@character_set_client */;
/*!40101 SET character_set_client = utf8 */;
CREATE TABLE `databasechangelog` (
  `ID` varchar(255) NOT NULL,
  `AUTHOR` varchar(255) NOT NULL,
  `FILENAME` varchar(255) NOT NULL,
  `DATEEXECUTED` datetime NOT NULL,
  `ORDEREXECUTED` int(11) NOT NULL,
  `EXECTYPE` varchar(10) NOT NULL,
  `MD5SUM` varchar(35) DEFAULT NULL,
  `DESCRIPTION` varchar(255) DEFAULT NULL,
  `COMMENTS` varchar(255) DEFAULT NULL,
  `TAG` varchar(255) DEFAULT NULL,
  `LIQUIBASE` varchar(20) DEFAULT NULL,
  `CONTEXTS` varchar(255) DEFAULT NULL,
  `LABELS` varchar(255) DEFAULT NULL,
  `DEPLOYMENT_ID` varchar(10) DEFAULT NULL
) ENGINE=InnoDB DEFAULT CHARSET=utf8;
/*!40101 SET character_set_client = @saved_cs_client */;

--
-- Dumping data for table `databasechangelog`
--

LOCK TABLES `databasechangelog` WRITE;
/*!40000 ALTER TABLE `databasechangelog` DISABLE KEYS */;
/*!40000 ALTER TABLE `databasechangelog` ENABLE KEYS */;
UNLOCK TABLES;

--
-- Table structure for table `databasechangeloglock`
--

DROP TABLE IF EXISTS `databasechangeloglock`;
/*!40101 SET @saved_cs_client     = @@character_set_client */;
/*!40101 SET character_set_client = utf8 */;
CREATE TABLE `databasechangeloglock` (
  `ID` int(11) NOT NULL,
  `LOCKED` bit(1) NOT NULL,
  `LOCKGRANTED` datetime DEFAULT NULL,
  `LOCKEDBY` varchar(255) DEFAULT NULL,
  PRIMARY KEY (`ID`)
) ENGINE=InnoDB DEFAULT CHARSET=utf8;
/*!40101 SET character_set_client = @saved_cs_client */;

--
-- Dumping data for table `databasechangeloglock`
--

LOCK TABLES `databasechangeloglock` WRITE;
/*!40000 ALTER TABLE `databasechangeloglock` DISABLE KEYS */;
INSERT INTO `databasechangeloglock` VALUES (1,'\0',NULL,NULL);
/*!40000 ALTER TABLE `databasechangeloglock` ENABLE KEYS */;
UNLOCK TABLES;

--
-- Table structure for table `document`
--

DROP TABLE IF EXISTS `document`;
/*!40101 SET @saved_cs_client     = @@character_set_client */;
/*!40101 SET character_set_client = utf8 */;
CREATE TABLE `document` (
  `id` int(11) NOT NULL AUTO_INCREMENT,
  `account_id` int(11) NOT NULL,
  `course_id` int(11) NOT NULL,
  `name` varchar(45) DEFAULT NULL,
  `raw_name` varchar(45) DEFAULT NULL,
  `type` varchar(45) DEFAULT NULL,
  `status` tinyint(1) DEFAULT NULL,
  `parent` varchar(45) DEFAULT NULL,
  `created_at` bigint(20) DEFAULT NULL,
  `private` tinyint(1) DEFAULT NULL,
  PRIMARY KEY (`id`),
  KEY `fk_course_video_account1_idx` (`account_id`),
  KEY `fk_course_file_course1_idx` (`course_id`),
  CONSTRAINT `fk_course_file_course1` FOREIGN KEY (`course_id`) REFERENCES `course` (`id`) ON DELETE NO ACTION ON UPDATE NO ACTION,
  CONSTRAINT `fk_course_video_account1` FOREIGN KEY (`account_id`) REFERENCES `account` (`id`) ON DELETE NO ACTION ON UPDATE NO ACTION
) ENGINE=InnoDB AUTO_INCREMENT=49 DEFAULT CHARSET=utf8;
/*!40101 SET character_set_client = @saved_cs_client */;

--
-- Dumping data for table `document`
--

LOCK TABLES `document` WRITE;
/*!40000 ALTER TABLE `document` DISABLE KEYS */;
INSERT INTO `document` VALUES (2,112,3,'28_1513082850719.txt','a.docx','1',1,'post_reply-77',1513082850696,0),(3,112,3,'98_1513095505953.txt','account.docx','1',1,'post_reply-85',1513095505952,0),(4,112,3,'84_1513095597894.txt','account.pdf','1',1,'post_reply-87',1513095597893,0),(6,112,3,'84_1513055597894.txt','account.docx','1',1,'post_reply-87',1513095597893,0),(7,112,3,'14_1513143558802.txt','account.txt','1',1,'post-15',1513143558800,0),(8,33,1,'15_1513144237895.txt','account.txt','1',1,'post_reply-26',1513144237895,0),(11,33,1,'38_1513241832322.txt','account.txt','1',1,'lesson-3',1513241832321,0),(12,33,1,'99_1513241832324.png','assignment.png','1',1,'lesson-3',1513241832321,0),(13,33,3,'4_1513274285456.txt','account.txt','1',1,'assigment-1',1513274285455,0),(14,33,1,'94_1513320419437.txt','account.txt','1',1,'assigment-6',1513320419436,0),(15,33,1,'71_1513320419445.docx','DATN_Nguyễn Huy Giang.docx','1',1,'assigment-6',1513320419436,0),(16,33,1,'83_1513322231797.plist','a.plist','1',1,'assigment-7',1513322231797,0),(17,33,1,'32_1513326077145.plist','a.plist','1',1,'assigment-8',1513326077144,0),(20,33,1,'12_1513327031998.png','assignment.png','1',1,'assigment-9',1513327031998,0),(21,33,1,'74_1513327032000.mwb','a.mwb','1',1,'assigment-9',1513327031998,0),(24,33,1,'68_1513410836963.txt','account.txt','1',1,'assigment_submit-8',1513410836963,0),(26,33,1,'76_1513417597994.txt','account.txt','1',1,'post_reply-101',1513417597993,0),(27,138,1,'27_1513418733510.txt','account.txt','1',1,'assigment_submit-11',1513418733509,0),(28,138,1,'41_1513418786009.txt','account.txt','1',1,'post_reply-104',1513418786009,0),(29,138,1,'41_1513419406158.sql','a.sql','1',1,'assigment_submit-14',1513419406157,0),(44,33,1,'74_1513495061813.mp4','Video bài giảng.mp4','2',1,'lesson-3',1513495061812,0),(45,33,24,'71_1513501053178.plist','a.plist','1',1,'lesson-15',1513501053177,0),(46,33,24,'26_1513501064613.txt','account.txt','1',1,'lesson-15',1513501064612,0),(47,33,24,'80_1513501075017.plist','a.plist','1',1,'lesson-15',1513501075017,0),(48,33,24,'50_1513501075024.png','assignment.png','1',1,'lesson-15',1513501075017,0);
/*!40000 ALTER TABLE `document` ENABLE KEYS */;
UNLOCK TABLES;

--
-- Table structure for table `document_role`
--

DROP TABLE IF EXISTS `document_role`;
/*!40101 SET @saved_cs_client     = @@character_set_client */;
/*!40101 SET character_set_client = utf8 */;
CREATE TABLE `document_role` (
  `id` int(11) NOT NULL AUTO_INCREMENT,
  `file_id` int(11) NOT NULL,
  `course_member_id` int(11) NOT NULL,
  `role` tinyint(1) DEFAULT NULL,
  PRIMARY KEY (`id`),
  KEY `fk_file_role_course_file1_idx` (`file_id`),
  KEY `fk_file_role_course_member1_idx` (`course_member_id`),
  CONSTRAINT `fk_file_role_course_file1` FOREIGN KEY (`file_id`) REFERENCES `document` (`id`) ON DELETE NO ACTION ON UPDATE NO ACTION,
  CONSTRAINT `fk_file_role_course_member1` FOREIGN KEY (`course_member_id`) REFERENCES `course_member` (`id`) ON DELETE NO ACTION ON UPDATE NO ACTION
) ENGINE=InnoDB DEFAULT CHARSET=utf8;
/*!40101 SET character_set_client = @saved_cs_client */;

--
-- Dumping data for table `document_role`
--

LOCK TABLES `document_role` WRITE;
/*!40000 ALTER TABLE `document_role` DISABLE KEYS */;
/*!40000 ALTER TABLE `document_role` ENABLE KEYS */;
UNLOCK TABLES;

--
-- Table structure for table `event`
--

DROP TABLE IF EXISTS `event`;
/*!40101 SET @saved_cs_client     = @@character_set_client */;
/*!40101 SET character_set_client = utf8 */;
CREATE TABLE `event` (
  `id` int(11) NOT NULL AUTO_INCREMENT,
  `title` varchar(45) DEFAULT NULL,
  `content` varchar(255) DEFAULT NULL,
  `date` varchar(45) DEFAULT NULL,
  PRIMARY KEY (`id`)
) ENGINE=InnoDB DEFAULT CHARSET=utf8;
/*!40101 SET character_set_client = @saved_cs_client */;

--
-- Dumping data for table `event`
--

LOCK TABLES `event` WRITE;
/*!40000 ALTER TABLE `event` DISABLE KEYS */;
/*!40000 ALTER TABLE `event` ENABLE KEYS */;
UNLOCK TABLES;

--
-- Table structure for table `group_chat`
--

DROP TABLE IF EXISTS `group_chat`;
/*!40101 SET @saved_cs_client     = @@character_set_client */;
/*!40101 SET character_set_client = utf8 */;
CREATE TABLE `group_chat` (
  `id` int(11) NOT NULL AUTO_INCREMENT,
  `name` varchar(45) DEFAULT NULL,
  `created_at` bigint(20) DEFAULT NULL,
  `updated_at` bigint(20) DEFAULT NULL,
  `is_private` tinyint(1) DEFAULT NULL,
  PRIMARY KEY (`id`)
) ENGINE=InnoDB AUTO_INCREMENT=36 DEFAULT CHARSET=utf8;
/*!40101 SET character_set_client = @saved_cs_client */;

--
-- Dumping data for table `group_chat`
--

LOCK TABLES `group_chat` WRITE;
/*!40000 ALTER TABLE `group_chat` DISABLE KEYS */;
INSERT INTO `group_chat` VALUES (17,'',1512711763386,1512882377219,1),(18,'',1512877819099,1514137722344,1),(19,'',1512878579203,1512878579203,1),(20,'',1512879461396,1512879461409,1),(21,'',1512882391436,1512882391447,1),(22,'',1512882449758,1513168364502,1),(23,'',1512883303247,1512883303257,1),(24,'',1512883378082,1514136700080,1),(25,'',1512883488746,1513168169731,1),(26,'',1513052199722,1513052199730,1),(27,'',1513052508101,1513052508115,1),(28,'',1513052658665,1513052734625,1),(29,'',1513083879812,1513083879826,1),(30,'',1513418932103,1513418932111,1),(31,'',1513418962423,1513418962430,1),(32,'',1513418964922,1513418964930,1),(33,'',1513418969810,1513418969818,1),(34,'',1513418974634,1513418974645,1),(35,'',1513418998640,1513418998648,1);
/*!40000 ALTER TABLE `group_chat` ENABLE KEYS */;
UNLOCK TABLES;

--
-- Table structure for table `group_chat_member`
--

DROP TABLE IF EXISTS `group_chat_member`;
/*!40101 SET @saved_cs_client     = @@character_set_client */;
/*!40101 SET character_set_client = utf8 */;
CREATE TABLE `group_chat_member` (
  `id` int(11) NOT NULL AUTO_INCREMENT,
  `group_chat_id` int(11) DEFAULT NULL,
  `account_id` int(11) DEFAULT NULL,
  `updated_at` bigint(20) DEFAULT NULL,
  `is_hide` tinyint(1) DEFAULT '0',
  `is_read` tinyint(1) DEFAULT '0',
  PRIMARY KEY (`id`),
  KEY `afff_idx` (`account_id`),
  KEY `gggg_idx` (`group_chat_id`),
  CONSTRAINT `afff` FOREIGN KEY (`account_id`) REFERENCES `account` (`id`) ON DELETE CASCADE,
  CONSTRAINT `gggg` FOREIGN KEY (`group_chat_id`) REFERENCES `group_chat` (`id`) ON DELETE CASCADE ON UPDATE NO ACTION
) ENGINE=InnoDB AUTO_INCREMENT=59 DEFAULT CHARSET=utf8;
/*!40101 SET character_set_client = @saved_cs_client */;

--
-- Dumping data for table `group_chat_member`
--

LOCK TABLES `group_chat_member` WRITE;
/*!40000 ALTER TABLE `group_chat_member` DISABLE KEYS */;
INSERT INTO `group_chat_member` VALUES (21,17,33,1512711763386,0,1),(22,17,34,1512711763386,0,0),(23,18,33,1512877819099,0,1),(24,18,138,1512877819099,0,1),(25,19,33,1512878579203,0,1),(26,19,123,1512878579203,0,0),(27,20,33,1512879461396,0,1),(28,20,124,1512879461396,0,0),(29,21,33,1512882391436,0,1),(30,21,117,1512882391436,0,0),(31,22,33,1512882449758,0,1),(32,22,108,1512882449758,0,0),(33,23,33,1512883303247,0,1),(34,23,104,1512883303247,0,0),(35,24,33,1512883378082,0,1),(36,24,121,1512883378082,0,0),(37,25,33,1512883488746,0,1),(38,25,112,1512883488746,0,0),(39,26,112,1513052199722,0,1),(40,26,34,1513052199722,0,0),(41,27,112,1513052508101,0,1),(42,27,131,1513052508101,0,0),(43,28,112,1513052658665,0,1),(44,28,129,1513052658665,0,0),(45,29,112,1513083879812,0,1),(46,29,124,1513083879812,0,0),(47,30,138,1513418932103,0,1),(48,30,123,1513418932103,0,0),(49,31,138,1513418962423,0,1),(50,31,124,1513418962423,0,0),(51,32,138,1513418964922,0,1),(52,32,121,1513418964922,0,0),(53,33,138,1513418969810,0,1),(54,33,104,1513418969810,0,0),(55,34,138,1513418974634,0,1),(56,34,135,1513418974634,0,0),(57,35,138,1513418998640,0,1),(58,35,108,1513418998640,0,0);
/*!40000 ALTER TABLE `group_chat_member` ENABLE KEYS */;
UNLOCK TABLES;

--
-- Table structure for table `last_login`
--

DROP TABLE IF EXISTS `last_login`;
/*!40101 SET @saved_cs_client     = @@character_set_client */;
/*!40101 SET character_set_client = utf8 */;
CREATE TABLE `last_login` (
  `id` int(11) NOT NULL,
  `account_id` int(11) DEFAULT NULL,
  `last_role` varchar(45) DEFAULT NULL,
  `last_course` int(11) DEFAULT NULL,
  PRIMARY KEY (`id`),
  KEY `adsad_idx` (`account_id`),
  CONSTRAINT `adsad` FOREIGN KEY (`account_id`) REFERENCES `account` (`id`) ON DELETE NO ACTION ON UPDATE NO ACTION
) ENGINE=InnoDB DEFAULT CHARSET=utf8;
/*!40101 SET character_set_client = @saved_cs_client */;

--
-- Dumping data for table `last_login`
--

LOCK TABLES `last_login` WRITE;
/*!40000 ALTER TABLE `last_login` DISABLE KEYS */;
/*!40000 ALTER TABLE `last_login` ENABLE KEYS */;
UNLOCK TABLES;

--
-- Table structure for table `lesson`
--

DROP TABLE IF EXISTS `lesson`;
/*!40101 SET @saved_cs_client     = @@character_set_client */;
/*!40101 SET character_set_client = utf8 */;
CREATE TABLE `lesson` (
  `id` int(11) NOT NULL AUTO_INCREMENT,
  `name` varchar(45) DEFAULT NULL,
  `course_id` int(11) DEFAULT NULL,
  `pos` int(11) DEFAULT NULL,
  PRIMARY KEY (`id`),
  KEY `hty_idx` (`course_id`),
  CONSTRAINT `hty` FOREIGN KEY (`course_id`) REFERENCES `course` (`id`) ON DELETE CASCADE ON UPDATE NO ACTION
) ENGINE=InnoDB AUTO_INCREMENT=16 DEFAULT CHARSET=utf8;
/*!40101 SET character_set_client = @saved_cs_client */;

--
-- Dumping data for table `lesson`
--

LOCK TABLES `lesson` WRITE;
/*!40000 ALTER TABLE `lesson` DISABLE KEYS */;
INSERT INTO `lesson` VALUES (1,'Nguyên tắc thiết kế',1,1),(2,'Kỹ thuật truyền tin',1,0),(3,'Đảm bảo chất lượng',1,3),(4,'Mạng máy tính',1,2),(5,'Kỹ thuật cs6',1,4),(6,'Learn Javascript',1,5),(7,'Giới thiệu chung',3,0),(8,'Chương 1',3,1),(9,'Chương 2',3,2),(10,'Chương 3',3,3),(11,'Chương 4',3,4),(12,'Chương 5',3,5),(13,'Tổng kết',3,6),(14,'Chương cuối',3,7),(15,'Bai 1',24,0);
/*!40000 ALTER TABLE `lesson` ENABLE KEYS */;
UNLOCK TABLES;

--
-- Table structure for table `member_download`
--

DROP TABLE IF EXISTS `member_download`;
/*!40101 SET @saved_cs_client     = @@character_set_client */;
/*!40101 SET character_set_client = utf8 */;
CREATE TABLE `member_download` (
  `id` int(11) NOT NULL AUTO_INCREMENT,
  `file_id` int(11) NOT NULL,
  `course_member_id` int(11) NOT NULL,
  PRIMARY KEY (`id`),
  KEY `fk_file_log_file1_idx` (`file_id`),
  KEY `fk_file_log_course_member1_idx` (`course_member_id`),
  CONSTRAINT `fk_file_log_course_member1` FOREIGN KEY (`course_member_id`) REFERENCES `course_member` (`id`) ON DELETE NO ACTION ON UPDATE NO ACTION,
  CONSTRAINT `fk_file_log_file1` FOREIGN KEY (`file_id`) REFERENCES `document` (`id`) ON DELETE NO ACTION ON UPDATE NO ACTION
) ENGINE=InnoDB DEFAULT CHARSET=utf8;
/*!40101 SET character_set_client = @saved_cs_client */;

--
-- Dumping data for table `member_download`
--

LOCK TABLES `member_download` WRITE;
/*!40000 ALTER TABLE `member_download` DISABLE KEYS */;
/*!40000 ALTER TABLE `member_download` ENABLE KEYS */;
UNLOCK TABLES;

--
-- Table structure for table `message`
--

DROP TABLE IF EXISTS `message`;
/*!40101 SET @saved_cs_client     = @@character_set_client */;
/*!40101 SET character_set_client = utf8 */;
CREATE TABLE `message` (
  `id` int(11) NOT NULL AUTO_INCREMENT,
  `content` varchar(255) DEFAULT NULL,
  `account_id` int(11) DEFAULT NULL,
  `group_id` int(11) DEFAULT NULL,
  `created_at` bigint(20) DEFAULT NULL,
  PRIMARY KEY (`id`),
  KEY `asdfdfas_idx` (`account_id`),
  KEY `gre_idx` (`group_id`),
  CONSTRAINT `asdfdfas` FOREIGN KEY (`account_id`) REFERENCES `account` (`id`) ON DELETE CASCADE ON UPDATE NO ACTION,
  CONSTRAINT `gre` FOREIGN KEY (`group_id`) REFERENCES `group_chat` (`id`) ON DELETE CASCADE ON UPDATE NO ACTION
) ENGINE=InnoDB AUTO_INCREMENT=176 DEFAULT CHARSET=utf8;
/*!40101 SET character_set_client = @saved_cs_client */;

--
-- Dumping data for table `message`
--

LOCK TABLES `message` WRITE;
/*!40000 ALTER TABLE `message` DISABLE KEYS */;
INSERT INTO `message` VALUES (5,'Helloworld',34,17,1512711763398),(6,' Helloworld  Hello world  Hello world',33,17,1512711811937),(7,'Duong <br/>oc <br/>to',33,17,1512736649605),(8,'hahha',33,17,1512738234225),(9,'sdfa',33,17,1512738373122),(10,'hihie',34,17,1512750817207),(11,'hahaha',34,17,1512752513409),(12,'tesst',34,17,1512752572536),(13,'haha',34,17,1512752650412),(14,'hihe',34,17,1512754017288),(15,'lol',33,17,1512754040380),(16,'lol',33,17,1512754147568),(17,'lala',33,17,1512754180182),(18,'masfasfa',33,17,1512754276186),(19,'abcads',33,17,1512754400593),(20,'asdfas',33,17,1512754417109),(21,'lalsdfa',33,17,1512754438471),(22,'lolasd',33,17,1512754522520),(23,'asfasdfa',33,17,1512755808666),(24,'afasdfsd',33,17,1512755873286),(25,'hfasfhasdbfa',33,17,1512755878814),(26,'asfasfasdfa',33,17,1512756170092),(27,'aaaaaa',33,17,1512756221559),(28,'fasfasfasfsdfa',34,17,1512756828849),(29,'asdafasfasfas',33,17,1512805420960),(30,'gadgsd',33,17,1512809309693),(31,'dfagdfgadfg',33,17,1512811559779),(32,'ấdfa',33,17,1512811782286),(33,'hello boy',33,17,1512877808470),(34,'hello boy',33,18,1512877819109),(35,'hihi',33,17,1512878104136),(36,'ádfasdfasd',33,18,1512878245763),(37,'abc',33,17,1512878545607),(38,'abc nua',33,18,1512878570798),(39,'acccc',33,19,1512878579219),(40,'ádfasdf',33,20,1512879461409),(41,'ádfasdfasd',33,18,1512881340424),(42,'àa',33,17,1512882377219),(43,'àaàdfasdfg',33,18,1512882383145),(44,'new message',33,21,1512882391447),(45,'abc',33,22,1512882449772),(46,'ấdfasdfa',33,22,1512882879550),(47,'ấdfasdfaàdasfff',33,22,1512882889860),(48,'ádfasdfas',33,22,1512883083028),(49,'ádfasdf',33,22,1512883106912),(50,'hichic',33,22,1512883164538),(51,'sao sai',33,22,1512883224814),(52,'tai sao',33,22,1512883282629),(53,'tesst',33,23,1512883303257),(54,'28 afdsa',33,24,1512883378090),(55,'asdfasdfa',33,25,1512883488757),(56,'nga ngo',33,25,1512900243129),(57,'fasfasdf',33,25,1512980229973),(58,'hêlo\n',112,25,1513052127113),(59,'hêlo\nfasdfas',112,26,1513052199730),(60,'uk helo',33,25,1513052439201),(61,'no no',112,27,1513052508115),(62,'avd',112,28,1513052658674),(63,'àdsf',112,28,1513052688488),(64,'fasdfa',112,28,1513052707713),(65,'ádfasd',112,28,1513052734625),(66,'ádf',112,25,1513052769980),(67,'ádfa',112,25,1513052993067),(68,'afsdffsvasfas',112,29,1513083879826),(69,'gá',33,18,1513167780591),(70,'ádfasfas',33,24,1513167792113),(71,'ádfasdfa',33,24,1513167881607),(72,'ấdfsdafasd',33,18,1513167891847),(73,'ấdf',33,25,1513167898909),(74,'sdfasf',33,25,1513167942199),(75,'ádfasdfasd',33,25,1513167944621),(76,'àag',33,25,1513168141158),(77,'ágasga',33,25,1513168169731),(78,'fasfas',33,18,1513168299814),(79,'fasf',33,24,1513168356241),(80,'asfa',33,24,1513168357641),(81,'Yeah',33,22,1513168364502),(82,'hello',33,18,1513168380590),(83,'hello',33,24,1513168392213),(84,'sdgdgad',33,24,1513243556458),(85,'afasdfasdg',33,18,1513412422259),(86,'hello everybody',138,30,1513418932111),(87,'răetagasd',138,31,1513418962430),(88,'răetagasd',138,32,1513418964930),(89,'gdgfdgdfgdfg',138,33,1513418969818),(90,'ágbvbsgdfgsdf',138,34,1513418974645),(91,'Xin chào',138,18,1513418982449),(92,'fasgagaga',138,35,1513418998648),(93,'Hello world',138,18,1513419008481),(94,'Hello',138,18,1513488186010),(95,'dfasf',138,18,1513488205252),(96,'sdfasdf',33,18,1513488245055),(97,'àdafsf',138,18,1513488271575),(98,'ấgasgags',33,18,1513488308760),(99,'sdfasdfasd',33,18,1513488459855),(100,'fasdkfasdf',33,18,1513489405374),(101,'afasfasd',138,18,1513489411888),(102,'asdfasfafsd',138,18,1513489467178),(103,'asdfasf',33,18,1513489551143),(104,'adfasfasf',33,18,1513489569338),(105,'afasfasfa',138,18,1513489661908),(106,'kasfasbfasd',138,18,1513489680376),(107,'asdfasfaa',33,18,1513489693516),(108,'asdgadggas',33,18,1513489709783),(109,'beuqnrwr',33,18,1513489721622),(110,'owrtuweotr',138,18,1513489792350),(111,'gadgagas',138,18,1513489837658),(112,'dfasffsdfa',33,18,1513489862786),(113,'naosdfsaf',33,18,1513489939027),(114,'hwrew',33,18,1513489948153),(115,'asdfasw',33,18,1513490013403),(116,'wetewt',33,18,1513490031752),(117,'afsfasdfas',138,18,1513490215775),(118,'qwasdfasfas',33,18,1513490221460),(119,'erqwer',33,18,1513490230627),(120,'asdfsfasdga',33,18,1513490362937),(121,'adfsfasdf',33,18,1513490370157),(122,'afgdgdfg',33,18,1513490381450),(123,'fawefew',33,18,1513490407860),(124,'qetqwr',33,18,1513490488527),(125,'asdgasfsdfasa',33,18,1513490503965),(126,'sdfgsdgsd',138,18,1513501275186),(127,'adgfdga',138,18,1514133171358),(128,'sfasfd',33,18,1514135189910),(129,'asdfasf',138,18,1514135197596),(130,'asdfaf',33,18,1514135221678),(131,'asdfas',138,18,1514135228803),(132,'fa',138,18,1514135231792),(133,'afasdfa',138,18,1514135289137),(134,'asdfas',138,18,1514135337340),(135,'asdfasdf',138,18,1514135447831),(136,'asdfasfas',138,18,1514135493669),(137,'asfdas',138,18,1514136167312),(138,'asdfasfe',138,18,1514136239339),(139,'2',138,18,1514136276606),(140,'asfas',138,18,1514136294087),(141,'3',138,18,1514136320399),(142,'asdfas',33,18,1514136504716),(143,'asdafsdf',138,18,1514136512684),(144,'314124',138,18,1514136525299),(145,'fasdfa',138,18,1514136688028),(146,'f43',33,24,1514136700080),(147,'asdfa',138,18,1514136706537),(148,'asdfas',138,18,1514136746509),(149,'3242',138,18,1514136758325),(150,'asfda',138,18,1514136874055),(151,'3452',138,18,1514136881131),(152,'34',138,18,1514136924679),(153,'322',138,18,1514136932966),(154,'asdfas',33,18,1514136975587),(155,'4232',33,18,1514136984587),(156,'2342',138,18,1514137049216),(157,'2423',138,18,1514137116313),(158,'345352',138,18,1514137134739),(159,'asdfasfa',138,18,1514137155250),(160,'234234',138,18,1514137161704),(161,'asdfasd',138,18,1514137202510),(162,'asdfasdf',138,18,1514137305547),(163,'asdfasdf',138,18,1514137313615),(164,'asdf23',138,18,1514137339033),(165,'asdfasd',138,18,1514137393853),(166,'asdf3',138,18,1514137399884),(167,'332',138,18,1514137472788),(168,'asdfa',138,18,1514137648289),(169,'werqwe',138,18,1514137656753),(170,'2324',138,18,1514137673455),(171,'32234',33,18,1514137684172),(172,'121',33,18,1514137686415),(173,'asdfa',33,18,1514137703662),(174,'2131',138,18,1514137706517),(175,'232',138,18,1514137722344);
/*!40000 ALTER TABLE `message` ENABLE KEYS */;
UNLOCK TABLES;

--
-- Table structure for table `message_recipient`
--

DROP TABLE IF EXISTS `message_recipient`;
/*!40101 SET @saved_cs_client     = @@character_set_client */;
/*!40101 SET character_set_client = utf8 */;
CREATE TABLE `message_recipient` (
  `id` int(11) NOT NULL AUTO_INCREMENT,
  `is_read` tinyint(1) DEFAULT NULL,
  `message_id` int(11) NOT NULL,
  `account_id` int(11) DEFAULT NULL,
  `updated_at` bigint(20) DEFAULT NULL,
  `is_delete` tinyint(1) DEFAULT NULL,
  PRIMARY KEY (`id`),
  KEY `fk_message_recipient_message1_idx` (`message_id`),
  KEY `fasdfsa_idx` (`account_id`),
  CONSTRAINT `fasdfsa` FOREIGN KEY (`account_id`) REFERENCES `account` (`id`) ON DELETE CASCADE ON UPDATE NO ACTION,
  CONSTRAINT `fk_message_recipient_message1` FOREIGN KEY (`message_id`) REFERENCES `message` (`id`) ON DELETE CASCADE ON UPDATE NO ACTION
) ENGINE=InnoDB AUTO_INCREMENT=177 DEFAULT CHARSET=utf8;
/*!40101 SET character_set_client = @saved_cs_client */;

--
-- Dumping data for table `message_recipient`
--

LOCK TABLES `message_recipient` WRITE;
/*!40000 ALTER TABLE `message_recipient` DISABLE KEYS */;
INSERT INTO `message_recipient` VALUES (2,1,5,33,1512711763398,0),(3,0,5,34,1512711763398,0),(4,1,6,33,1512802592199,0),(5,0,6,34,1512711811937,0),(6,1,7,33,1512802592199,0),(7,0,7,34,1512736649605,0),(8,1,8,33,1512802592199,0),(9,0,8,34,1512738234225,0),(10,0,9,34,1512738373122,0),(11,1,10,33,1512802592199,0),(12,1,11,33,1512802592199,0),(13,1,12,33,1512802592199,0),(14,1,13,33,1512802592199,0),(15,1,14,33,1512802592199,0),(16,0,15,34,1512754040380,0),(17,0,16,34,1512754147568,0),(18,0,17,34,1512754180182,0),(19,0,18,34,1512754276186,0),(20,0,19,34,1512754400593,0),(21,0,20,34,1512754417109,0),(22,0,21,34,1512754438471,0),(23,0,22,34,1512754522520,0),(24,0,23,34,1512755808666,0),(25,0,24,34,1512755873286,0),(26,0,25,34,1512755878814,0),(27,0,26,34,1512756170092,0),(28,0,27,34,1512756221559,0),(29,1,28,33,1512802592199,0),(30,0,29,34,1512805420960,0),(31,0,30,34,1512809309693,0),(32,0,31,34,1512811559779,0),(33,0,32,34,1512811782286,0),(34,0,33,34,1512877808470,0),(35,1,34,138,1513418911135,0),(36,0,35,34,1512878104136,0),(37,1,36,138,1513418911135,0),(38,0,37,34,1512878545607,0),(39,1,38,138,1513418911135,0),(40,0,39,123,1512878579219,0),(41,0,40,124,1512879461409,0),(42,1,41,138,1513418911135,0),(43,0,42,34,1512882377219,0),(44,1,43,138,1513418911135,0),(45,0,44,117,1512882391447,0),(46,0,45,108,1512882449772,0),(47,0,46,108,1512882879550,0),(48,0,47,108,1512882889860,0),(49,0,48,108,1512883083028,0),(50,0,49,108,1512883106912,0),(51,0,50,108,1512883164538,0),(52,0,51,108,1512883224814,0),(53,0,52,108,1512883282629,0),(54,0,53,104,1512883303257,0),(55,0,54,121,1512883378090,0),(56,1,55,112,1513052490135,0),(57,1,56,112,1513052490135,0),(58,1,57,112,1513052490135,0),(59,1,58,33,1513052416930,0),(60,0,59,34,1513052199730,0),(61,1,60,112,1513052490135,0),(62,0,61,131,1513052508115,0),(63,0,62,129,1513052658674,0),(64,0,63,129,1513052688488,0),(65,0,64,129,1513052707713,0),(66,0,65,129,1513052734625,0),(67,1,66,33,1513134018125,0),(68,1,67,33,1513134018125,0),(69,0,68,124,1513083879826,0),(70,1,69,138,1513418911135,0),(71,0,70,121,1513167792113,0),(72,0,71,121,1513167881607,0),(73,1,72,138,1513418911135,0),(74,0,73,112,1513167898909,0),(75,0,74,112,1513167942199,0),(76,0,75,112,1513167944621,0),(77,0,76,112,1513168141158,0),(78,0,77,112,1513168169731,0),(79,1,78,138,1513418911135,0),(80,0,79,121,1513168356241,0),(81,0,80,121,1513168357641,0),(82,0,81,108,1513168364502,0),(83,1,82,138,1513418911135,0),(84,0,83,121,1513168392213,0),(85,0,84,121,1513243556458,0),(86,1,85,138,1513418911135,0),(87,0,86,123,1513418932111,0),(88,0,87,124,1513418962430,0),(89,0,88,121,1513418964930,0),(90,0,89,104,1513418969818,0),(91,0,90,135,1513418974645,0),(92,1,91,33,1513419077117,0),(93,0,92,108,1513418998648,0),(94,1,93,33,1513419077117,0),(95,1,94,33,1513488242928,0),(96,1,95,33,1513488242928,0),(97,1,96,138,1513488263814,0),(98,1,97,33,1513488292995,0),(99,1,98,138,1513489408774,0),(100,1,99,138,1513489408774,0),(101,1,100,138,1513489408774,0),(102,1,101,33,1513489463596,0),(103,1,102,33,1513489546403,0),(104,1,103,138,1513489659619,0),(105,1,104,138,1513489659619,0),(106,1,105,33,1513489929110,0),(107,1,106,33,1513489929110,0),(108,1,107,138,1513489926859,0),(109,1,108,138,1513489926859,0),(110,1,109,138,1513489926859,0),(111,1,110,33,1513489929110,0),(112,1,111,33,1513489929110,0),(113,1,112,138,1513489926859,0),(114,1,113,138,1513490005888,0),(115,1,114,138,1513490005888,0),(116,1,115,138,1513490212094,0),(117,1,116,138,1513490212094,0),(118,1,117,33,1513490219203,0),(119,1,118,138,1513490232946,0),(120,1,119,138,1513490232946,0),(121,1,120,138,1513490402925,0),(122,1,121,138,1513490402925,0),(123,1,122,138,1513490402925,0),(124,1,123,138,1513490484684,0),(125,1,124,138,1513490488568,0),(126,1,125,138,1513490507123,0),(127,1,126,33,1513504483994,0),(128,1,127,33,1514135187649,0),(129,1,128,138,1514135193435,0),(130,1,129,33,1514135197624,0),(131,1,130,138,1514135444863,0),(132,1,131,33,1514135228827,0),(133,1,132,33,1514135231813,0),(134,1,133,33,1514135295174,0),(135,1,134,33,1514135337367,0),(136,1,135,33,1514135496609,0),(137,1,136,33,1514135496609,0),(138,1,137,33,1514136175498,0),(139,1,138,33,1514136290425,0),(140,1,139,33,1514136290425,0),(141,1,140,33,1514136294113,0),(142,1,141,33,1514136498734,0),(143,1,142,138,1514136504811,0),(144,1,143,33,1514136521335,0),(145,1,144,33,1514136532513,0),(146,1,145,33,1514136690662,0),(147,0,146,121,1514136700080,0),(148,1,147,33,1514136740698,0),(149,1,148,33,1514136752955,0),(150,1,149,33,1514136765578,0),(151,1,150,33,1514136876969,0),(152,1,151,33,1514136929974,0),(153,1,152,33,1514136929974,0),(154,1,153,33,1514136973801,0),(155,1,154,138,1514136978727,0),(156,1,155,138,1514137047129,0),(157,1,156,33,1514137127952,0),(158,1,157,33,1514137127952,0),(159,1,158,33,1514137141478,0),(160,1,159,33,1514137157798,0),(161,1,160,33,1514137161756,0),(162,1,161,33,1514137202576,0),(163,1,162,33,1514137355822,0),(164,1,163,33,1514137355822,0),(165,1,164,33,1514137355822,0),(166,1,165,33,1514137412517,0),(167,1,166,33,1514137412517,0),(168,1,167,33,1514137540346,0),(169,1,168,33,1514137682428,0),(170,1,169,33,1514137682428,0),(171,1,170,33,1514137682428,0),(172,1,171,138,1514137684263,0),(173,1,172,138,1514137686479,0),(174,1,173,138,1514137703728,0),(175,1,174,33,1514137706561,0),(176,1,175,33,1514137725190,0);
/*!40000 ALTER TABLE `message_recipient` ENABLE KEYS */;
UNLOCK TABLES;

--
-- Table structure for table `notification`
--

DROP TABLE IF EXISTS `notification`;
/*!40101 SET @saved_cs_client     = @@character_set_client */;
/*!40101 SET character_set_client = utf8 */;
CREATE TABLE `notification` (
  `id` int(11) NOT NULL AUTO_INCREMENT,
  `creator_id` int(11) NOT NULL,
  `subject` varchar(255) DEFAULT NULL,
  `content` varchar(255) DEFAULT NULL,
  `time` bigint(20) DEFAULT NULL,
  `link` varchar(255) DEFAULT NULL,
  PRIMARY KEY (`id`),
  KEY `a_idx` (`creator_id`),
  CONSTRAINT `fkd` FOREIGN KEY (`creator_id`) REFERENCES `account` (`id`) ON DELETE NO ACTION ON UPDATE NO ACTION
) ENGINE=InnoDB DEFAULT CHARSET=utf8;
/*!40101 SET character_set_client = @saved_cs_client */;

--
-- Dumping data for table `notification`
--

LOCK TABLES `notification` WRITE;
/*!40000 ALTER TABLE `notification` DISABLE KEYS */;
/*!40000 ALTER TABLE `notification` ENABLE KEYS */;
UNLOCK TABLES;

--
-- Table structure for table `password_reset`
--

DROP TABLE IF EXISTS `password_reset`;
/*!40101 SET @saved_cs_client     = @@character_set_client */;
/*!40101 SET character_set_client = utf8 */;
CREATE TABLE `password_reset` (
  `id` int(11) NOT NULL AUTO_INCREMENT,
  `pw` varchar(45) DEFAULT NULL,
  `time` varchar(45) DEFAULT NULL,
  PRIMARY KEY (`id`)
) ENGINE=InnoDB DEFAULT CHARSET=utf8;
/*!40101 SET character_set_client = @saved_cs_client */;

--
-- Dumping data for table `password_reset`
--

LOCK TABLES `password_reset` WRITE;
/*!40000 ALTER TABLE `password_reset` DISABLE KEYS */;
/*!40000 ALTER TABLE `password_reset` ENABLE KEYS */;
UNLOCK TABLES;

--
-- Table structure for table `post`
--

DROP TABLE IF EXISTS `post`;
/*!40101 SET @saved_cs_client     = @@character_set_client */;
/*!40101 SET character_set_client = utf8 */;
CREATE TABLE `post` (
  `id` int(11) NOT NULL AUTO_INCREMENT,
  `title` varchar(45) DEFAULT NULL,
  `status` tinyint(1) DEFAULT NULL,
  `content` varchar(255) DEFAULT NULL,
  `member_creator_id` int(11) NOT NULL,
  `course_id` int(11) NOT NULL,
  `priority` int(11) DEFAULT '0',
  `created_at` bigint(20) DEFAULT NULL,
  PRIMARY KEY (`id`),
  KEY `fk_post_course_member1_idx` (`member_creator_id`),
  KEY `fk_post_course1_idx` (`course_id`),
  CONSTRAINT `fk_post_course1` FOREIGN KEY (`course_id`) REFERENCES `course` (`id`) ON DELETE NO ACTION ON UPDATE NO ACTION,
  CONSTRAINT `fk_post_course_member1` FOREIGN KEY (`member_creator_id`) REFERENCES `course_member` (`id`) ON DELETE NO ACTION ON UPDATE NO ACTION
) ENGINE=InnoDB AUTO_INCREMENT=18 DEFAULT CHARSET=utf8;
/*!40101 SET character_set_client = @saved_cs_client */;

--
-- Dumping data for table `post`
--

LOCK TABLES `post` WRITE;
/*!40000 ALTER TABLE `post` DISABLE KEYS */;
INSERT INTO `post` VALUES (5,'Hỏi đáp bài tập số 2',1,'Nội dung thảo luận ... có thể đính kèm file...',33,1,0,1513012239686),(6,'Chủ đề thảo luận số 2',1,'Nội dung thảo luận ... có thể đính kèm file...',124,1,0,1513012239686),(7,'Chủ đề được ghim',1,'Nội dung thảo luận ...<br/> có thể đính kèm file...<br/> có thể đính kèm file...',1,1,1,1513012239686),(8,'Hỏi đáp bài tập số 2',1,'Nội dung thảo luận ... có thể đính kèm file...',33,2,1,1513012239686),(9,'Chủ đề thảo luận số 2',1,'Nội dung thảo luận ... có thể đính kèm file...',33,2,0,1513012239686),(10,'Chủ đề được ghim ',1,'Nội dung thảo luận ... có thể đính kèm file...',124,2,1,1513012239686),(11,'Hỏi đáp bài tập số 2',1,'Nội dung thảo luận ... có thể đính kèm file...',124,3,0,1513012239686),(12,'Chủ đề thảo luận số 2',1,'Nội dung thảo luận ... có thể đính kèm file...',112,3,0,1513012239686),(13,'Chủ đề được ghim',1,'Nội dung thảo luận ... có thể đính kèm file... Nội dung thảo luận ... có thể đính kèm file... Nội dung thảo luận ... có thể đính kèm file... Nội dung thảo luận ... có thể đính kèm file... Nội dung thảo luận ... có thể đính kèm file...',33,3,2,1513012239686),(14,'Trao đổi thảo luận',1,'Trao đổi thảo luận Trao đổi thảo luận Trao đổi thảo luận Trao đổi thảo luận Trao đổi thảo luận Trao đổi thảo luận Trao đổi thảo luận Trao đổi thảo luận Trao đổi thảo luận Trao đổi thảo luận Trao đổi thảo luận Trao đổi thảo luận',38,3,0,1513095192677),(15,'Test - Tiêu đề đã chỉnh sửa- Lần 2',1,'abcd<br/>Nội dung đã chỉnh sửa',38,3,0,1513095632171),(16,'Test Ghim Chủ Đề',1,'Test',18,1,1,1513147704660),(17,'Chủ đề mới',1,'Nội dung chủ đề mới là ...<br/>-Nội dung đã chỉnh sửa',4,1,0,1513419046535);
/*!40000 ALTER TABLE `post` ENABLE KEYS */;
UNLOCK TABLES;

--
-- Table structure for table `post_reply`
--

DROP TABLE IF EXISTS `post_reply`;
/*!40101 SET @saved_cs_client     = @@character_set_client */;
/*!40101 SET character_set_client = utf8 */;
CREATE TABLE `post_reply` (
  `id` int(11) NOT NULL AUTO_INCREMENT,
  `post_id` int(11) DEFAULT NULL,
  `course_member_id` int(11) DEFAULT NULL,
  `status` tinyint(1) DEFAULT NULL,
  `content` varchar(255) DEFAULT NULL,
  `parent` int(11) DEFAULT '-1',
  `created_at` bigint(20) DEFAULT NULL,
  PRIMARY KEY (`id`),
  KEY `bgeerwe_idx` (`course_member_id`),
  KEY `dfgdgadg_idx` (`post_id`),
  CONSTRAINT `bgeerwe` FOREIGN KEY (`course_member_id`) REFERENCES `course_member` (`id`) ON DELETE CASCADE ON UPDATE NO ACTION,
  CONSTRAINT `dfgdgadg` FOREIGN KEY (`post_id`) REFERENCES `post` (`id`) ON DELETE CASCADE ON UPDATE NO ACTION
) ENGINE=InnoDB AUTO_INCREMENT=106 DEFAULT CHARSET=utf8;
/*!40101 SET character_set_client = @saved_cs_client */;

--
-- Dumping data for table `post_reply`
--

LOCK TABLES `post_reply` WRITE;
/*!40000 ALTER TABLE `post_reply` DISABLE KEYS */;
INSERT INTO `post_reply` VALUES (4,5,112,1,'Bình luận số 1',-1,1513012239689),(5,5,112,1,'Bình luận số 1',4,1513012239693),(6,5,112,1,'Bình luận số 2',4,1513012239693),(7,5,112,1,'Bình luận số 2',-1,1513012239689),(8,5,124,1,'Bình luận số 1',7,1513012239703),(9,5,112,1,'Bình luận số 3',-1,1513012239689),(10,5,33,1,'Bình luận số 1',9,1513012239709),(11,6,112,1,'Bình luận số 1',-1,1513012239714),(12,6,124,1,'Bình luận số 1',11,1513012239716),(13,6,112,1,'Bình luận số 2',11,1513012239716),(14,6,124,1,'Bình luận số 3',11,1513012239716),(15,6,112,1,'Bình luận số 4',11,1513012239716),(16,6,33,1,'Bình luận số 2',-1,1513012239714),(17,6,112,1,'Bình luận số 1',16,1513012239728),(18,6,124,1,'Bình luận số 2',16,1513012239728),(19,6,124,1,'Bình luận số 3',16,1513012239728),(20,6,124,1,'Bình luận số 3',-1,1513012239714),(21,6,33,1,'Bình luận số 1',20,1513012239737),(22,6,124,1,'Bình luận số 2',20,1513012239737),(23,6,33,1,'Bình luận số 4',-1,1513012239714),(24,6,124,1,'Bình luận số 1',23,1513012239744),(25,6,33,1,'Bình luận số 2',23,1513012239744),(26,7,124,1,'Bình luận số 1',-1,1513012239751),(27,7,33,1,'Bình luận số 1',26,1513012239754),(28,7,124,1,'Bình luận số 2',-1,1513012239751),(29,7,112,1,'Bình luận số 1',28,1513012239759),(30,7,112,1,'Bình luận số 2',28,1513012239759),(31,7,112,1,'Bình luận số 3',-1,1513012239751),(32,7,124,1,'Bình luận số 1',31,1513012239766),(33,7,112,1,'Bình luận số 2',31,1513012239766),(34,7,33,1,'Bình luận số 3',31,1513012239766),(35,7,124,1,'Bình luận số 4',-1,1513012239751),(36,7,33,1,'Bình luận số 1',35,1513012239778),(37,8,124,1,'Bình luận số 1',-1,1513012239783),(38,8,124,1,'Bình luận số 1',37,1513012239785),(39,9,112,1,'Bình luận số 1',-1,1513012239789),(40,9,33,1,'Bình luận số 1',39,1513012239791),(41,9,112,1,'Bình luận số 2',39,1513012239791),(42,9,33,1,'Bình luận số 2',-1,1513012239789),(43,9,124,1,'Bình luận số 1',42,1513012239797),(44,9,112,1,'Bình luận số 3',-1,1513012239789),(45,9,124,1,'Bình luận số 1',44,1513012239802),(46,9,112,1,'Bình luận số 2',44,1513012239802),(47,9,112,1,'Bình luận số 3',44,1513012239802),(48,9,124,1,'Bình luận số 4',-1,1513012239789),(49,9,124,1,'Bình luận số 1',48,1513012239811),(50,9,124,1,'Bình luận số 2',48,1513012239811),(51,9,33,1,'Bình luận số 3',48,1513012239811),(52,10,124,1,'Bình luận số 1',-1,1513012239818),(53,10,124,1,'Bình luận số 1',52,1513012239820),(54,10,33,1,'Bình luận số 2',52,1513012239820),(55,10,33,1,'Bình luận số 3',52,1513012239820),(56,10,112,1,'Bình luận số 4',52,1513012239820),(57,11,124,1,'Bình luận số 1',-1,1513012239832),(58,11,112,1,'Bình luận số 1',57,1513012239834),(59,11,124,1,'Bình luận số 2',57,1513012239834),(60,12,112,1,'Bình luận số 1',-1,1513012239843),(61,12,33,1,'Bình luận số 1',60,1513012239845),(62,12,112,1,'Bình luận số 2',60,1513012239845),(63,12,112,1,'Bình luận số 3',60,1513012239845),(64,12,33,1,'Bình luận số 2',-1,1513012239843),(65,12,124,1,'Bình luận số 1',64,1513012239853),(66,12,124,1,'Bình luận số 2',64,1513012239853),(67,12,33,1,'Bình luận số 3',64,1513012239853),(68,12,124,1,'Bình luận số 3',-1,1513012239843),(69,12,124,1,'Bình luận số 1',68,1513012239861),(70,12,112,1,'Bình luận số 2',68,1513012239861),(71,12,112,1,'Bình luận số 3',68,1513012239861),(72,12,124,1,'Bình luận số 4',68,1513012239861),(73,13,112,1,'Nội dung thảo luận ... có thể đính kèm file... Nội dung thảo luận ... có thể đính kèm file... Nội dung thảo luận ... có thể đính kèm file... Nội dung thảo luận ...',-1,1513012239871),(74,13,124,1,'Bình luận số 1',73,1513012249873),(75,13,33,1,'Bình luận số 2',73,1513012259873),(76,13,33,1,'Bình luận số 3',73,1513012269873),(77,13,38,1,'Hihe\r\nTest binh luan,Hihe<br/>Test binh luan',73,1513082850696),(78,13,38,1,'asfasfa',-1,1513089707448),(79,13,38,1,'sdfas<br/>fasfa',73,1513089987166),(80,13,38,1,'afsdfasfa',78,1513092168537),(81,13,38,1,'',-1,1513092678991),(82,13,38,1,'afasdfasfasfasf',-1,1513093222378),(83,14,38,1,'Trao đổi về bài tập số 1',-1,1513095231044),(84,14,38,1,'Sub comment',83,1513095240679),(85,13,38,1,'',82,1513095505945),(86,13,38,1,'ádfsgsgasga',-1,1513095538882),(87,13,38,1,'gdagassdafasfasg',-1,1513095597890),(88,7,1,1,'fasfasfasfasfsdafasd',28,1513134280898),(90,7,18,1,'ancbd T',26,1513144771179),(91,7,18,1,'fasfasfa',26,1513146346459),(92,7,18,1,'ajsfkbasdfasdfa',26,1513146350228),(93,7,18,1,'fasfasgasdf',26,1513146551051),(94,7,18,1,'asdfasdfa',26,1513146584136),(95,7,18,1,'a',26,1513146586820),(96,7,18,1,'asfasdfasdf',26,1513147058560),(97,7,18,1,'asfsafa',-1,1513147091064),(98,7,18,1,'asfasfas',97,1513147098196),(99,7,18,1,'asfsafa',97,1513147100733),(100,7,18,1,'asfasfasf',97,1513147103080),(101,16,1,1,'asfasfa',-1,1513177470054),(102,7,1,1,'ádjfsdlfjasdfasdfasdfasd',97,1513399978167),(103,7,4,1,'Hello',97,1513418751047),(104,7,4,1,'Những nguyên lý cơ bản của chủ nghĩa Mác Lenin',-1,1513418786003),(105,7,4,1,'Hello',104,1513418795540);
/*!40000 ALTER TABLE `post_reply` ENABLE KEYS */;
UNLOCK TABLES;

--
-- Table structure for table `question`
--

DROP TABLE IF EXISTS `question`;
/*!40101 SET @saved_cs_client     = @@character_set_client */;
/*!40101 SET character_set_client = utf8 */;
CREATE TABLE `question` (
  `id` int(11) NOT NULL AUTO_INCREMENT,
  `question` varchar(255) DEFAULT NULL,
  `subject_id` int(11) NOT NULL,
  `type` tinyint(1) DEFAULT NULL,
  PRIMARY KEY (`id`),
  KEY `fk_question_subject1_idx` (`subject_id`),
  CONSTRAINT `fk_question_subject1` FOREIGN KEY (`subject_id`) REFERENCES `subject` (`id`) ON DELETE CASCADE ON UPDATE NO ACTION
) ENGINE=InnoDB AUTO_INCREMENT=3235 DEFAULT CHARSET=utf8;
/*!40101 SET character_set_client = @saved_cs_client */;

--
-- Dumping data for table `question`
--

LOCK TABLES `question` WRITE;
/*!40000 ALTER TABLE `question` DISABLE KEYS */;
INSERT INTO `question` VALUES (2317,'Câu hỏi dễ số 0',34,0),(2318,'Câu hỏi dễ số 1',34,0),(2319,'Câu hỏi dễ số 2',34,0),(2320,'Câu hỏi dễ số 3',34,0),(2321,'Câu hỏi dễ số 4',34,0),(2322,'Câu hỏi dễ số 5',34,0),(2323,'Câu hỏi dễ số 6',34,0),(2324,'Câu hỏi dễ số 7',34,0),(2325,'Câu hỏi dễ số 8',34,0),(2326,'Câu hỏi dễ số 9',34,0),(2327,'Câu hỏi dễ số 10',34,0),(2328,'Câu hỏi dễ số 11',34,0),(2329,'Câu hỏi dễ số 12',34,0),(2330,'Câu hỏi dễ số 13',34,0),(2331,'Câu hỏi dễ số 14',34,0),(2332,'Câu hỏi dễ số 15',34,0),(2333,'Câu hỏi dễ số 16',34,0),(2334,'Câu hỏi dễ số 17',34,0),(2335,'Câu hỏi dễ số 18',34,0),(2336,'Câu hỏi dễ số 19',34,0),(2337,'Câu hỏi dễ số 20',34,0),(2338,'Câu hỏi dễ số 21',34,0),(2339,'Câu hỏi dễ số 22',34,0),(2340,'Câu hỏi dễ số 23',34,0),(2341,'Câu hỏi dễ số 24',34,0),(2342,'Câu hỏi dễ số 25',34,0),(2343,'Câu hỏi dễ số 26',34,0),(2344,'Câu hỏi dễ số 27',34,0),(2345,'Câu hỏi dễ số 28',34,0),(2346,'Câu hỏi dễ số 29',34,0),(2347,'Câu hỏi dễ số 30',34,0),(2348,'Câu hỏi dễ số 31',34,0),(2349,'Câu hỏi dễ số 32',34,0),(2350,'Câu hỏi dễ số 33',34,0),(2351,'Câu hỏi dễ số 34',34,0),(2352,'Câu hỏi dễ số 35',34,0),(2353,'Câu hỏi dễ số 36',34,0),(2354,'Câu hỏi dễ số 37',34,0),(2355,'Câu hỏi dễ số 38',34,0),(2356,'Câu hỏi dễ số 39',34,0),(2357,'Câu hỏi dễ số 40',34,0),(2358,'Câu hỏi dễ số 41',34,0),(2359,'Câu hỏi dễ số 42',34,0),(2360,'Câu hỏi dễ số 43',34,0),(2361,'Câu hỏi dễ số 44',34,0),(2362,'Câu hỏi dễ số 45',34,0),(2363,'Câu hỏi dễ số 46',34,0),(2364,'Câu hỏi dễ số 47',34,0),(2365,'Câu hỏi dễ số 48',34,0),(2366,'Câu hỏi dễ số 49',34,0),(2367,'Câu hỏi dễ số 50',34,0),(2368,'Câu hỏi dễ số 51',34,0),(2369,'Câu hỏi dễ số 52',34,0),(2370,'Câu hỏi dễ số 53',34,0),(2371,'Câu hỏi dễ số 54',34,0),(2372,'Câu hỏi dễ số 55',34,0),(2373,'Câu hỏi dễ số 56',34,0),(2374,'Câu hỏi dễ số 57',34,0),(2375,'Câu hỏi dễ số 58',34,0),(2376,'Câu hỏi dễ số 59',34,0),(2377,'Câu hỏi dễ số 60',34,0),(2378,'Câu hỏi dễ số 61',34,0),(2379,'Câu hỏi dễ số 62',34,0),(2380,'Câu hỏi dễ số 63',34,0),(2381,'Câu hỏi dễ số 64',34,0),(2382,'Câu hỏi dễ số 65',34,0),(2383,'Câu hỏi dễ số 66',34,0),(2384,'Câu hỏi dễ số 67',34,0),(2385,'Câu hỏi dễ số 68',34,0),(2386,'Câu hỏi dễ số 69',34,0),(2387,'Câu hỏi dễ số 70',34,0),(2388,'Câu hỏi dễ số 71',34,0),(2389,'Câu hỏi dễ số 72',34,0),(2390,'Câu hỏi dễ số 73',34,0),(2391,'Câu hỏi dễ số 74',34,0),(2392,'Câu hỏi dễ số 75',34,0),(2393,'Câu hỏi dễ số 76',34,0),(2394,'Câu hỏi dễ số 77',34,0),(2395,'Câu hỏi dễ số 78',34,0),(2396,'Câu hỏi dễ số 79',34,0),(2397,'Câu hỏi dễ số 80',34,0),(2398,'Câu hỏi dễ số 81',34,0),(2399,'Câu hỏi dễ số 82',34,0),(2400,'Câu hỏi dễ số 83',34,0),(2401,'Câu hỏi dễ số 84',34,0),(2402,'Câu hỏi dễ số 85',34,0),(2403,'Câu hỏi dễ số 86',34,0),(2404,'Câu hỏi dễ số 87',34,0),(2405,'Câu hỏi dễ số 88',34,0),(2406,'Câu hỏi dễ số 89',34,0),(2407,'Câu hỏi dễ số 90',34,0),(2408,'Câu hỏi dễ số 91',34,0),(2409,'Câu hỏi dễ số 92',34,0),(2410,'Câu hỏi dễ số 93',34,0),(2411,'Câu hỏi dễ số 94',34,0),(2412,'Câu hỏi dễ số 95',34,0),(2413,'Câu hỏi dễ số 96',34,0),(2414,'Câu hỏi dễ số 97',34,0),(2415,'Câu hỏi dễ số 98',34,0),(2416,'Câu hỏi dễ số 99',34,0),(2417,'Câu hỏi trung bình số 0',34,1),(2418,'Câu hỏi trung bình số 1',34,1),(2419,'Câu hỏi trung bình số 2',34,1),(2420,'Câu hỏi trung bình số 3',34,1),(2421,'Câu hỏi trung bình số 4',34,1),(2422,'Câu hỏi trung bình số 5',34,1),(2423,'Câu hỏi trung bình số 6',34,1),(2424,'Câu hỏi trung bình số 7',34,1),(2425,'Câu hỏi trung bình số 8',34,1),(2426,'Câu hỏi trung bình số 9',34,1),(2427,'Câu hỏi trung bình số 10',34,1),(2428,'Câu hỏi trung bình số 11',34,1),(2429,'Câu hỏi trung bình số 12',34,1),(2430,'Câu hỏi trung bình số 13',34,1),(2431,'Câu hỏi trung bình số 14',34,1),(2432,'Câu hỏi trung bình số 15',34,1),(2433,'Câu hỏi trung bình số 16',34,1),(2434,'Câu hỏi trung bình số 17',34,1),(2435,'Câu hỏi trung bình số 18',34,1),(2436,'Câu hỏi trung bình số 19',34,1),(2437,'Câu hỏi trung bình số 20',34,1),(2438,'Câu hỏi trung bình số 21',34,1),(2439,'Câu hỏi trung bình số 22',34,1),(2440,'Câu hỏi trung bình số 23',34,1),(2441,'Câu hỏi trung bình số 24',34,1),(2442,'Câu hỏi trung bình số 25',34,1),(2443,'Câu hỏi trung bình số 26',34,1),(2444,'Câu hỏi trung bình số 27',34,1),(2445,'Câu hỏi trung bình số 28',34,1),(2446,'Câu hỏi trung bình số 29',34,1),(2447,'Câu hỏi trung bình số 30',34,1),(2448,'Câu hỏi trung bình số 31',34,1),(2449,'Câu hỏi trung bình số 32',34,1),(2450,'Câu hỏi trung bình số 33',34,1),(2451,'Câu hỏi trung bình số 34',34,1),(2452,'Câu hỏi trung bình số 35',34,1),(2453,'Câu hỏi trung bình số 36',34,1),(2454,'Câu hỏi trung bình số 37',34,1),(2455,'Câu hỏi trung bình số 38',34,1),(2456,'Câu hỏi trung bình số 39',34,1),(2457,'Câu hỏi trung bình số 40',34,1),(2458,'Câu hỏi trung bình số 41',34,1),(2459,'Câu hỏi trung bình số 42',34,1),(2460,'Câu hỏi trung bình số 43',34,1),(2461,'Câu hỏi trung bình số 44',34,1),(2462,'Câu hỏi trung bình số 45',34,1),(2463,'Câu hỏi trung bình số 46',34,1),(2464,'Câu hỏi trung bình số 47',34,1),(2465,'Câu hỏi trung bình số 48',34,1),(2466,'Câu hỏi trung bình số 49',34,1),(2467,'Câu hỏi trung bình số 50',34,1),(2468,'Câu hỏi trung bình số 51',34,1),(2469,'Câu hỏi trung bình số 52',34,1),(2470,'Câu hỏi trung bình số 53',34,1),(2471,'Câu hỏi trung bình số 54',34,1),(2472,'Câu hỏi trung bình số 55',34,1),(2473,'Câu hỏi trung bình số 56',34,1),(2474,'Câu hỏi trung bình số 57',34,1),(2475,'Câu hỏi trung bình số 58',34,1),(2476,'Câu hỏi trung bình số 59',34,1),(2477,'Câu hỏi trung bình số 60',34,1),(2478,'Câu hỏi trung bình số 61',34,1),(2479,'Câu hỏi trung bình số 62',34,1),(2480,'Câu hỏi trung bình số 63',34,1),(2481,'Câu hỏi trung bình số 64',34,1),(2482,'Câu hỏi trung bình số 65',34,1),(2483,'Câu hỏi trung bình số 66',34,1),(2484,'Câu hỏi trung bình số 67',34,1),(2485,'Câu hỏi trung bình số 68',34,1),(2486,'Câu hỏi trung bình số 69',34,1),(2487,'Câu hỏi trung bình số 70',34,1),(2488,'Câu hỏi trung bình số 71',34,1),(2489,'Câu hỏi trung bình số 72',34,1),(2490,'Câu hỏi trung bình số 73',34,1),(2491,'Câu hỏi trung bình số 74',34,1),(2492,'Câu hỏi trung bình số 75',34,1),(2493,'Câu hỏi trung bình số 76',34,1),(2494,'Câu hỏi trung bình số 77',34,1),(2495,'Câu hỏi trung bình số 78',34,1),(2496,'Câu hỏi trung bình số 79',34,1),(2497,'Câu hỏi trung bình số 80',34,1),(2498,'Câu hỏi trung bình số 81',34,1),(2499,'Câu hỏi trung bình số 82',34,1),(2500,'Câu hỏi trung bình số 83',34,1),(2501,'Câu hỏi trung bình số 84',34,1),(2502,'Câu hỏi trung bình số 85',34,1),(2503,'Câu hỏi trung bình số 86',34,1),(2504,'Câu hỏi trung bình số 87',34,1),(2505,'Câu hỏi trung bình số 88',34,1),(2506,'Câu hỏi trung bình số 89',34,1),(2507,'Câu hỏi trung bình số 90',34,1),(2508,'Câu hỏi trung bình số 91',34,1),(2509,'Câu hỏi trung bình số 92',34,1),(2510,'Câu hỏi trung bình số 93',34,1),(2511,'Câu hỏi trung bình số 94',34,1),(2512,'Câu hỏi trung bình số 95',34,1),(2513,'Câu hỏi trung bình số 96',34,1),(2514,'Câu hỏi trung bình số 97',34,1),(2515,'Câu hỏi trung bình số 98',34,1),(2516,'Câu hỏi trung bình số 99',34,1),(2517,'Câu hỏi khó số 0',34,2),(2518,'Câu hỏi khó số 1',34,2),(2519,'Câu hỏi khó số 2',34,2),(2520,'Câu hỏi khó số 3',34,2),(2521,'Câu hỏi khó số 4',34,2),(2522,'Câu hỏi khó số 5',34,2),(2523,'Câu hỏi khó số 6',34,2),(2524,'Câu hỏi khó số 7',34,2),(2525,'Câu hỏi khó số 8',34,2),(2526,'Câu hỏi khó số 9',34,2),(2527,'Câu hỏi khó số 10',34,2),(2528,'Câu hỏi khó số 11',34,2),(2529,'Câu hỏi khó số 12',34,2),(2530,'Câu hỏi khó số 13',34,2),(2531,'Câu hỏi khó số 14',34,2),(2532,'Câu hỏi khó số 15',34,2),(2533,'Câu hỏi khó số 16',34,2),(2534,'Câu hỏi khó số 17',34,2),(2535,'Câu hỏi khó số 18',34,2),(2536,'Câu hỏi khó số 19',34,2),(2537,'Câu hỏi khó số 20',34,2),(2538,'Câu hỏi khó số 21',34,2),(2539,'Câu hỏi khó số 22',34,2),(2540,'Câu hỏi khó số 23',34,2),(2541,'Câu hỏi khó số 24',34,2),(2542,'Câu hỏi khó số 25',34,2),(2543,'Câu hỏi khó số 26',34,2),(2544,'Câu hỏi khó số 27',34,2),(2545,'Câu hỏi khó số 28',34,2),(2546,'Câu hỏi khó số 29',34,2),(2547,'Câu hỏi khó số 30',34,2),(2548,'Câu hỏi khó số 31',34,2),(2549,'Câu hỏi khó số 32',34,2),(2550,'Câu hỏi khó số 33',34,2),(2551,'Câu hỏi khó số 34',34,2),(2552,'Câu hỏi khó số 35',34,2),(2553,'Câu hỏi khó số 36',34,2),(2554,'Câu hỏi khó số 37',34,2),(2555,'Câu hỏi khó số 38',34,2),(2556,'Câu hỏi khó số 39',34,2),(2557,'Câu hỏi khó số 40',34,2),(2558,'Câu hỏi khó số 41',34,2),(2559,'Câu hỏi khó số 42',34,2),(2560,'Câu hỏi khó số 43',34,2),(2561,'Câu hỏi khó số 44',34,2),(2562,'Câu hỏi khó số 45',34,2),(2563,'Câu hỏi khó số 46',34,2),(2564,'Câu hỏi khó số 47',34,2),(2565,'Câu hỏi khó số 48',34,2),(2566,'Câu hỏi khó số 49',34,2),(2567,'Câu hỏi khó số 50',34,2),(2568,'Câu hỏi khó số 51',34,2),(2569,'Câu hỏi khó số 52',34,2),(2570,'Câu hỏi khó số 53',34,2),(2571,'Câu hỏi khó số 54',34,2),(2572,'Câu hỏi khó số 55',34,2),(2573,'Câu hỏi khó số 56',34,2),(2574,'Câu hỏi khó số 57',34,2),(2575,'Câu hỏi khó số 58',34,2),(2576,'Câu hỏi khó số 59',34,2),(2577,'Câu hỏi khó số 60',34,2),(2578,'Câu hỏi khó số 61',34,2),(2579,'Câu hỏi khó số 62',34,2),(2580,'Câu hỏi khó số 63',34,2),(2581,'Câu hỏi khó số 64',34,2),(2582,'Câu hỏi khó số 65',34,2),(2583,'Câu hỏi khó số 66',34,2),(2584,'Câu hỏi khó số 67',34,2),(2585,'Câu hỏi khó số 68',34,2),(2586,'Câu hỏi khó số 69',34,2),(2587,'Câu hỏi khó số 70',34,2),(2588,'Câu hỏi khó số 71',34,2),(2589,'Câu hỏi khó số 72',34,2),(2590,'Câu hỏi khó số 73',34,2),(2591,'Câu hỏi khó số 74',34,2),(2592,'Câu hỏi khó số 75',34,2),(2593,'Câu hỏi khó số 76',34,2),(2594,'Câu hỏi khó số 77',34,2),(2595,'Câu hỏi khó số 78',34,2),(2596,'Câu hỏi khó số 79',34,2),(2597,'Câu hỏi khó số 80',34,2),(2598,'Câu hỏi khó số 81',34,2),(2599,'Câu hỏi khó số 82',34,2),(2600,'Câu hỏi khó số 83',34,2),(2601,'Câu hỏi khó số 84',34,2),(2602,'Câu hỏi khó số 85',34,2),(2603,'Câu hỏi khó số 86',34,2),(2604,'Câu hỏi khó số 87',34,2),(2605,'Câu hỏi khó số 88',34,2),(2606,'Câu hỏi khó số 89',34,2),(2607,'Câu hỏi khó số 90',34,2),(2608,'Câu hỏi khó số 91',34,2),(2609,'Câu hỏi khó số 92',34,2),(2610,'Câu hỏi khó số 93',34,2),(2611,'Câu hỏi khó số 94',34,2),(2612,'Câu hỏi khó số 95',34,2),(2613,'Câu hỏi khó số 96',34,2),(2614,'Câu hỏi khó số 97',34,2),(2615,'Câu hỏi khó số 98',34,2),(2616,'Câu hỏi khó số 99',34,2),(2619,'Câu hỏi dễ số 2',35,0),(2620,'Câu hỏi dễ số 3',35,0),(2621,'Câu hỏi dễ số 4',35,0),(2622,'Câu hỏi dễ số 5',35,0),(2623,'Câu hỏi dễ số 6',35,0),(2624,'Câu hỏi dễ số 7',35,0),(2625,'Câu hỏi dễ số 8',35,0),(2626,'Câu hỏi dễ số 9',35,0),(2627,'Câu hỏi dễ số 10',35,0),(2628,'Câu hỏi dễ số 11',35,0),(2629,'Câu hỏi dễ số 12',35,0),(2630,'Câu hỏi dễ số 13',35,0),(2631,'Câu hỏi dễ số 14',35,0),(2632,'Câu hỏi dễ số 15',35,0),(2633,'Câu hỏi dễ số 16',35,0),(2634,'Câu hỏi dễ số 17',35,0),(2635,'Câu hỏi dễ số 18',35,0),(2636,'Câu hỏi dễ số 19',35,0),(2637,'Câu hỏi dễ số 20',35,0),(2638,'Câu hỏi dễ số 21',35,0),(2639,'Câu hỏi dễ số 22',35,0),(2640,'Câu hỏi dễ số 23',35,0),(2641,'Câu hỏi dễ số 24',35,0),(2642,'Câu hỏi dễ số 25',35,0),(2643,'Câu hỏi dễ số 26',35,0),(2644,'Câu hỏi dễ số 27',35,0),(2645,'Câu hỏi dễ số 28',35,0),(2646,'Câu hỏi dễ số 29',35,0),(2647,'Câu hỏi dễ số 30',35,0),(2648,'Câu hỏi dễ số 31',35,0),(2649,'Câu hỏi dễ số 32',35,0),(2650,'Câu hỏi dễ số 33',35,0),(2651,'Câu hỏi dễ số 34',35,0),(2652,'Câu hỏi dễ số 35',35,0),(2653,'Câu hỏi dễ số 36',35,0),(2654,'Câu hỏi dễ số 37',35,0),(2655,'Câu hỏi dễ số 38',35,0),(2656,'Câu hỏi dễ số 39',35,0),(2657,'Câu hỏi dễ số 40',35,0),(2658,'Câu hỏi dễ số 41',35,0),(2659,'Câu hỏi dễ số 42',35,0),(2660,'Câu hỏi dễ số 43',35,0),(2661,'Câu hỏi dễ số 44',35,0),(2662,'Câu hỏi dễ số 45',35,0),(2663,'Câu hỏi dễ số 46',35,0),(2664,'Câu hỏi dễ số 47',35,0),(2665,'Câu hỏi dễ số 48',35,0),(2666,'Câu hỏi dễ số 49',35,0),(2667,'Câu hỏi dễ số 50',35,0),(2668,'Câu hỏi dễ số 51',35,0),(2669,'Câu hỏi dễ số 52',35,0),(2670,'Câu hỏi dễ số 53',35,0),(2671,'Câu hỏi dễ số 54',35,0),(2672,'Câu hỏi dễ số 55',35,0),(2673,'Câu hỏi dễ số 56',35,0),(2674,'Câu hỏi dễ số 57',35,0),(2675,'Câu hỏi dễ số 58',35,0),(2676,'Câu hỏi dễ số 59',35,0),(2677,'Câu hỏi dễ số 60',35,0),(2678,'Câu hỏi dễ số 61',35,0),(2679,'Câu hỏi dễ số 62',35,0),(2680,'Câu hỏi dễ số 63',35,0),(2681,'Câu hỏi dễ số 64',35,0),(2682,'Câu hỏi dễ số 65',35,0),(2683,'Câu hỏi dễ số 66',35,0),(2684,'Câu hỏi dễ số 67',35,0),(2685,'Câu hỏi dễ số 68',35,0),(2686,'Câu hỏi dễ số 69',35,0),(2687,'Câu hỏi dễ số 70',35,0),(2688,'Câu hỏi dễ số 71',35,0),(2689,'Câu hỏi dễ số 72',35,0),(2690,'Câu hỏi dễ số 73',35,0),(2691,'Câu hỏi dễ số 74',35,0),(2692,'Câu hỏi dễ số 75',35,0),(2693,'Câu hỏi dễ số 76',35,0),(2694,'Câu hỏi dễ số 77',35,0),(2695,'Câu hỏi dễ số 78',35,0),(2696,'Câu hỏi dễ số 79',35,0),(2697,'Câu hỏi dễ số 80',35,0),(2698,'Câu hỏi dễ số 81',35,0),(2699,'Câu hỏi dễ số 82',35,0),(2700,'Câu hỏi dễ số 83',35,0),(2701,'Câu hỏi dễ số 84',35,0),(2702,'Câu hỏi dễ số 85',35,0),(2703,'Câu hỏi dễ số 86',35,0),(2704,'Câu hỏi dễ số 87',35,0),(2705,'Câu hỏi dễ số 88',35,0),(2706,'Câu hỏi dễ số 89',35,0),(2707,'Câu hỏi dễ số 90',35,0),(2708,'Câu hỏi dễ số 91',35,0),(2709,'Câu hỏi dễ số 92',35,0),(2710,'Câu hỏi dễ số 93',35,0),(2711,'Câu hỏi dễ số 94',35,0),(2712,'Câu hỏi dễ số 95',35,0),(2713,'Câu hỏi dễ số 96',35,0),(2714,'Câu hỏi dễ số 97',35,0),(2715,'Câu hỏi dễ số 98',35,0),(2716,'Câu hỏi dễ số 99',35,0),(2717,'Câu hỏi trung bình số 0',35,1),(2718,'Câu hỏi trung bình số 1',35,1),(2719,'Câu hỏi trung bình số 2',35,1),(2720,'Câu hỏi trung bình số 3',35,1),(2721,'Câu hỏi trung bình số 4',35,1),(2722,'Câu hỏi trung bình số 5',35,1),(2723,'Câu hỏi trung bình số 6',35,1),(2724,'Câu hỏi trung bình số 7',35,1),(2725,'Câu hỏi trung bình số 8',35,1),(2726,'Câu hỏi trung bình số 9',35,1),(2727,'Câu hỏi trung bình số 10',35,1),(2728,'Câu hỏi trung bình số 11',35,1),(2729,'Câu hỏi trung bình số 12',35,1),(2730,'Câu hỏi trung bình số 13',35,1),(2731,'Câu hỏi trung bình số 14',35,1),(2732,'Câu hỏi trung bình số 15',35,1),(2733,'Câu hỏi trung bình số 16',35,1),(2734,'Câu hỏi trung bình số 17',35,1),(2735,'Câu hỏi trung bình số 18',35,1),(2736,'Câu hỏi trung bình số 19',35,1),(2737,'Câu hỏi trung bình số 20',35,1),(2738,'Câu hỏi trung bình số 21',35,1),(2739,'Câu hỏi trung bình số 22',35,1),(2740,'Câu hỏi trung bình số 23',35,1),(2741,'Câu hỏi trung bình số 24',35,1),(2742,'Câu hỏi trung bình số 25',35,1),(2743,'Câu hỏi trung bình số 26',35,1),(2744,'Câu hỏi trung bình số 27',35,1),(2745,'Câu hỏi trung bình số 28',35,1),(2746,'Câu hỏi trung bình số 29',35,1),(2747,'Câu hỏi trung bình số 30',35,1),(2748,'Câu hỏi trung bình số 31',35,1),(2749,'Câu hỏi trung bình số 32',35,1),(2750,'Câu hỏi trung bình số 33',35,1),(2751,'Câu hỏi trung bình số 34',35,1),(2752,'Câu hỏi trung bình số 35',35,1),(2753,'Câu hỏi trung bình số 36',35,1),(2754,'Câu hỏi trung bình số 37',35,1),(2755,'Câu hỏi trung bình số 38',35,1),(2756,'Câu hỏi trung bình số 39',35,1),(2757,'Câu hỏi trung bình số 40',35,1),(2758,'Câu hỏi trung bình số 41',35,1),(2759,'Câu hỏi trung bình số 42',35,1),(2760,'Câu hỏi trung bình số 43',35,1),(2761,'Câu hỏi trung bình số 44',35,1),(2762,'Câu hỏi trung bình số 45',35,1),(2763,'Câu hỏi trung bình số 46',35,1),(2764,'Câu hỏi trung bình số 47',35,1),(2765,'Câu hỏi trung bình số 48',35,1),(2766,'Câu hỏi trung bình số 49',35,1),(2767,'Câu hỏi trung bình số 50',35,1),(2768,'Câu hỏi trung bình số 51',35,1),(2769,'Câu hỏi trung bình số 52',35,1),(2770,'Câu hỏi trung bình số 53',35,1),(2771,'Câu hỏi trung bình số 54',35,1),(2772,'Câu hỏi trung bình số 55',35,1),(2773,'Câu hỏi trung bình số 56',35,1),(2774,'Câu hỏi trung bình số 57',35,1),(2775,'Câu hỏi trung bình số 58',35,1),(2776,'Câu hỏi trung bình số 59',35,1),(2777,'Câu hỏi trung bình số 60',35,1),(2778,'Câu hỏi trung bình số 61',35,1),(2779,'Câu hỏi trung bình số 62',35,1),(2780,'Câu hỏi trung bình số 63',35,1),(2781,'Câu hỏi trung bình số 64',35,1),(2782,'Câu hỏi trung bình số 65',35,1),(2783,'Câu hỏi trung bình số 66',35,1),(2784,'Câu hỏi trung bình số 67',35,1),(2785,'Câu hỏi trung bình số 68',35,1),(2786,'Câu hỏi trung bình số 69',35,1),(2787,'Câu hỏi trung bình số 70',35,1),(2788,'Câu hỏi trung bình số 71',35,1),(2789,'Câu hỏi trung bình số 72',35,1),(2790,'Câu hỏi trung bình số 73',35,1),(2791,'Câu hỏi trung bình số 74',35,1),(2792,'Câu hỏi trung bình số 75',35,1),(2793,'Câu hỏi trung bình số 76',35,1),(2794,'Câu hỏi trung bình số 77',35,1),(2795,'Câu hỏi trung bình số 78',35,1),(2796,'Câu hỏi trung bình số 79',35,1),(2797,'Câu hỏi trung bình số 80',35,1),(2798,'Câu hỏi trung bình số 81',35,1),(2799,'Câu hỏi trung bình số 82',35,1),(2800,'Câu hỏi trung bình số 83',35,1),(2801,'Câu hỏi trung bình số 84',35,1),(2802,'Câu hỏi trung bình số 85',35,1),(2803,'Câu hỏi trung bình số 86',35,1),(2804,'Câu hỏi trung bình số 87',35,1),(2805,'Câu hỏi trung bình số 88',35,1),(2806,'Câu hỏi trung bình số 89',35,1),(2807,'Câu hỏi trung bình số 90',35,1),(2808,'Câu hỏi trung bình số 91',35,1),(2809,'Câu hỏi trung bình số 92',35,1),(2810,'Câu hỏi trung bình số 93',35,1),(2811,'Câu hỏi trung bình số 94',35,1),(2812,'Câu hỏi trung bình số 95',35,1),(2813,'Câu hỏi trung bình số 96',35,1),(2814,'Câu hỏi trung bình số 97',35,1),(2815,'Câu hỏi trung bình số 98',35,1),(2816,'Câu hỏi trung bình số 99',35,1),(2817,'Câu hỏi khó số 0',35,2),(2818,'Câu hỏi khó số 1',35,2),(2819,'Câu hỏi khó số 2',35,2),(2820,'Câu hỏi khó số 3',35,2),(2821,'Câu hỏi khó số 4',35,2),(2822,'Câu hỏi khó số 5',35,2),(2823,'Câu hỏi khó số 6',35,2),(2824,'Câu hỏi khó số 7',35,2),(2825,'Câu hỏi khó số 8',35,2),(2826,'Câu hỏi khó số 9',35,2),(2827,'Câu hỏi khó số 10',35,2),(2828,'Câu hỏi khó số 11',35,2),(2829,'Câu hỏi khó số 12',35,2),(2830,'Câu hỏi khó số 13',35,2),(2831,'Câu hỏi khó số 14',35,2),(2832,'Câu hỏi khó số 15',35,2),(2833,'Câu hỏi khó số 16',35,2),(2834,'Câu hỏi khó số 17',35,2),(2835,'Câu hỏi khó số 18',35,2),(2836,'Câu hỏi khó số 19',35,2),(2837,'Câu hỏi khó số 20',35,2),(2838,'Câu hỏi khó số 21',35,2),(2839,'Câu hỏi khó số 22',35,2),(2840,'Câu hỏi khó số 23',35,2),(2841,'Câu hỏi khó số 24',35,2),(2842,'Câu hỏi khó số 25',35,2),(2843,'Câu hỏi khó số 26',35,2),(2844,'Câu hỏi khó số 27',35,2),(2845,'Câu hỏi khó số 28',35,2),(2846,'Câu hỏi khó số 29',35,2),(2847,'Câu hỏi khó số 30',35,2),(2848,'Câu hỏi khó số 31',35,2),(2849,'Câu hỏi khó số 32',35,2),(2850,'Câu hỏi khó số 33',35,2),(2851,'Câu hỏi khó số 34',35,2),(2852,'Câu hỏi khó số 35',35,2),(2853,'Câu hỏi khó số 36',35,2),(2854,'Câu hỏi khó số 37',35,2),(2855,'Câu hỏi khó số 38',35,2),(2856,'Câu hỏi khó số 39',35,2),(2857,'Câu hỏi khó số 40',35,2),(2858,'Câu hỏi khó số 41',35,2),(2859,'Câu hỏi khó số 42',35,2),(2860,'Câu hỏi khó số 43',35,2),(2861,'Câu hỏi khó số 44',35,2),(2862,'Câu hỏi khó số 45',35,2),(2863,'Câu hỏi khó số 46',35,2),(2864,'Câu hỏi khó số 47',35,2),(2865,'Câu hỏi khó số 48',35,2),(2866,'Câu hỏi khó số 49',35,2),(2867,'Câu hỏi khó số 50',35,2),(2868,'Câu hỏi khó số 51',35,2),(2869,'Câu hỏi khó số 52',35,2),(2870,'Câu hỏi khó số 53',35,2),(2871,'Câu hỏi khó số 54',35,2),(2872,'Câu hỏi khó số 55',35,2),(2873,'Câu hỏi khó số 56',35,2),(2874,'Câu hỏi khó số 57',35,2),(2875,'Câu hỏi khó số 58',35,2),(2876,'Câu hỏi khó số 59',35,2),(2877,'Câu hỏi khó số 60',35,2),(2878,'Câu hỏi khó số 61',35,2),(2879,'Câu hỏi khó số 62',35,2),(2880,'Câu hỏi khó số 63',35,2),(2881,'Câu hỏi khó số 64',35,2),(2882,'Câu hỏi khó số 65',35,2),(2883,'Câu hỏi khó số 66',35,2),(2884,'Câu hỏi khó số 67',35,2),(2885,'Câu hỏi khó số 68',35,2),(2886,'Câu hỏi khó số 69',35,2),(2887,'Câu hỏi khó số 70',35,2),(2888,'Câu hỏi khó số 71',35,2),(2889,'Câu hỏi khó số 72',35,2),(2890,'Câu hỏi khó số 73',35,2),(2891,'Câu hỏi khó số 74',35,2),(2892,'Câu hỏi khó số 75',35,2),(2893,'Câu hỏi khó số 76',35,2),(2894,'Câu hỏi khó số 77',35,2),(2895,'Câu hỏi khó số 78',35,2),(2896,'Câu hỏi khó số 79',35,2),(2897,'Câu hỏi khó số 80',35,2),(2898,'Câu hỏi khó số 81',35,2),(2899,'Câu hỏi khó số 82',35,2),(2900,'Câu hỏi khó số 83',35,2),(2901,'Câu hỏi khó số 84',35,2),(2902,'Câu hỏi khó số 85',35,2),(2903,'Câu hỏi khó số 86',35,2),(2904,'Câu hỏi khó số 87',35,2),(2905,'Câu hỏi khó số 88',35,2),(2906,'Câu hỏi khó số 89',35,2),(2907,'Câu hỏi khó số 90',35,2),(2908,'Câu hỏi khó số 91',35,2),(2909,'Câu hỏi khó số 92',35,2),(2910,'Câu hỏi khó số 93',35,2),(2911,'Câu hỏi khó số 94',35,2),(2912,'Câu hỏi khó số 95',35,2),(2913,'Câu hỏi khó số 96',35,2),(2914,'Câu hỏi khó số 97',35,2),(2915,'Câu hỏi khó số 98',35,2),(2916,'Câu hỏi khó số 99',35,2),(2917,'Câu hỏi dễ số 0',36,0),(2918,'Câu hỏi dễ số 1',36,0),(2919,'Câu hỏi dễ số 2',36,0),(2920,'Câu hỏi dễ số 3',36,0),(2921,'Câu hỏi dễ số 4',36,0),(2922,'Câu hỏi dễ số 5',36,0),(2923,'Câu hỏi dễ số 6',36,0),(2924,'Câu hỏi dễ số 7',36,0),(2925,'Câu hỏi dễ số 8',36,0),(2926,'Câu hỏi dễ số 9',36,0),(2927,'Câu hỏi dễ số 10',36,0),(2928,'Câu hỏi dễ số 11',36,0),(2929,'Câu hỏi dễ số 12',36,0),(2930,'Câu hỏi dễ số 13',36,0),(2931,'Câu hỏi dễ số 14',36,0),(2932,'Câu hỏi dễ số 15',36,0),(2933,'Câu hỏi dễ số 16',36,0),(2934,'Câu hỏi dễ số 17',36,0),(2935,'Câu hỏi dễ số 18',36,0),(2936,'Câu hỏi dễ số 19',36,0),(2937,'Câu hỏi dễ số 20',36,0),(2938,'Câu hỏi dễ số 21',36,0),(2939,'Câu hỏi dễ số 22',36,0),(2940,'Câu hỏi dễ số 23',36,0),(2941,'Câu hỏi dễ số 24',36,0),(2942,'Câu hỏi dễ số 25',36,0),(2943,'Câu hỏi dễ số 26',36,0),(2944,'Câu hỏi dễ số 27',36,0),(2945,'Câu hỏi dễ số 28',36,0),(2946,'Câu hỏi dễ số 29',36,0),(2947,'Câu hỏi dễ số 30',36,0),(2948,'Câu hỏi dễ số 31',36,0),(2949,'Câu hỏi dễ số 32',36,0),(2950,'Câu hỏi dễ số 33',36,0),(2951,'Câu hỏi dễ số 34',36,0),(2952,'Câu hỏi dễ số 35',36,0),(2953,'Câu hỏi dễ số 36',36,0),(2954,'Câu hỏi dễ số 37',36,0),(2955,'Câu hỏi dễ số 38',36,0),(2956,'Câu hỏi dễ số 39',36,0),(2957,'Câu hỏi dễ số 40',36,0),(2958,'Câu hỏi dễ số 41',36,0),(2959,'Câu hỏi dễ số 42',36,0),(2960,'Câu hỏi dễ số 43',36,0),(2961,'Câu hỏi dễ số 44',36,0),(2962,'Câu hỏi dễ số 45',36,0),(2963,'Câu hỏi dễ số 46',36,0),(2964,'Câu hỏi dễ số 47',36,0),(2965,'Câu hỏi dễ số 48',36,0),(2966,'Câu hỏi dễ số 49',36,0),(2967,'Câu hỏi dễ số 50',36,0),(2968,'Câu hỏi dễ số 51',36,0),(2969,'Câu hỏi dễ số 52',36,0),(2970,'Câu hỏi dễ số 53',36,0),(2971,'Câu hỏi dễ số 54',36,0),(2972,'Câu hỏi dễ số 55',36,0),(2973,'Câu hỏi dễ số 56',36,0),(2974,'Câu hỏi dễ số 57',36,0),(2975,'Câu hỏi dễ số 58',36,0),(2976,'Câu hỏi dễ số 59',36,0),(2977,'Câu hỏi dễ số 60',36,0),(2978,'Câu hỏi dễ số 61',36,0),(2979,'Câu hỏi dễ số 62',36,0),(2980,'Câu hỏi dễ số 63',36,0),(2981,'Câu hỏi dễ số 64',36,0),(2982,'Câu hỏi dễ số 65',36,0),(2983,'Câu hỏi dễ số 66',36,0),(2984,'Câu hỏi dễ số 67',36,0),(2985,'Câu hỏi dễ số 68',36,0),(2986,'Câu hỏi dễ số 69',36,0),(2987,'Câu hỏi dễ số 70',36,0),(2988,'Câu hỏi dễ số 71',36,0),(2989,'Câu hỏi dễ số 72',36,0),(2990,'Câu hỏi dễ số 73',36,0),(2991,'Câu hỏi dễ số 74',36,0),(2992,'Câu hỏi dễ số 75',36,0),(2993,'Câu hỏi dễ số 76',36,0),(2994,'Câu hỏi dễ số 77',36,0),(2995,'Câu hỏi dễ số 78',36,0),(2996,'Câu hỏi dễ số 79',36,0),(2997,'Câu hỏi dễ số 80',36,0),(2998,'Câu hỏi dễ số 81',36,0),(2999,'Câu hỏi dễ số 82',36,0),(3000,'Câu hỏi dễ số 83',36,0),(3001,'Câu hỏi dễ số 84',36,0),(3002,'Câu hỏi dễ số 85',36,0),(3003,'Câu hỏi dễ số 86',36,0),(3004,'Câu hỏi dễ số 87',36,0),(3005,'Câu hỏi dễ số 88',36,0),(3006,'Câu hỏi dễ số 89',36,0),(3007,'Câu hỏi dễ số 90',36,0),(3008,'Câu hỏi dễ số 91',36,0),(3009,'Câu hỏi dễ số 92',36,0),(3010,'Câu hỏi dễ số 93',36,0),(3011,'Câu hỏi dễ số 94',36,0),(3012,'Câu hỏi dễ số 95',36,0),(3013,'Câu hỏi dễ số 96',36,0),(3014,'Câu hỏi dễ số 97',36,0),(3015,'Câu hỏi dễ số 98',36,0),(3016,'Câu hỏi dễ số 99',36,0),(3017,'Câu hỏi trung bình số 0',36,1),(3018,'Câu hỏi trung bình số 1',36,1),(3019,'Câu hỏi trung bình số 2',36,1),(3020,'Câu hỏi trung bình số 3',36,1),(3021,'Câu hỏi trung bình số 4',36,1),(3022,'Câu hỏi trung bình số 5',36,1),(3023,'Câu hỏi trung bình số 6',36,1),(3024,'Câu hỏi trung bình số 7',36,1),(3025,'Câu hỏi trung bình số 8',36,1),(3026,'Câu hỏi trung bình số 9',36,1),(3027,'Câu hỏi trung bình số 10',36,1),(3028,'Câu hỏi trung bình số 11',36,1),(3029,'Câu hỏi trung bình số 12',36,1),(3030,'Câu hỏi trung bình số 13',36,1),(3031,'Câu hỏi trung bình số 14',36,1),(3032,'Câu hỏi trung bình số 15',36,1),(3033,'Câu hỏi trung bình số 16',36,1),(3034,'Câu hỏi trung bình số 17',36,1),(3035,'Câu hỏi trung bình số 18',36,1),(3036,'Câu hỏi trung bình số 19',36,1),(3037,'Câu hỏi trung bình số 20',36,1),(3038,'Câu hỏi trung bình số 21',36,1),(3039,'Câu hỏi trung bình số 22',36,1),(3040,'Câu hỏi trung bình số 23',36,1),(3041,'Câu hỏi trung bình số 24',36,1),(3042,'Câu hỏi trung bình số 25',36,1),(3043,'Câu hỏi trung bình số 26',36,1),(3044,'Câu hỏi trung bình số 27',36,1),(3045,'Câu hỏi trung bình số 28',36,1),(3046,'Câu hỏi trung bình số 29',36,1),(3047,'Câu hỏi trung bình số 30',36,1),(3048,'Câu hỏi trung bình số 31',36,1),(3049,'Câu hỏi trung bình số 32',36,1),(3050,'Câu hỏi trung bình số 33',36,1),(3051,'Câu hỏi trung bình số 34',36,1),(3052,'Câu hỏi trung bình số 35',36,1),(3053,'Câu hỏi trung bình số 36',36,1),(3054,'Câu hỏi trung bình số 37',36,1),(3055,'Câu hỏi trung bình số 38',36,1),(3056,'Câu hỏi trung bình số 39',36,1),(3057,'Câu hỏi trung bình số 40',36,1),(3058,'Câu hỏi trung bình số 41',36,1),(3059,'Câu hỏi trung bình số 42',36,1),(3060,'Câu hỏi trung bình số 43',36,1),(3061,'Câu hỏi trung bình số 44',36,1),(3062,'Câu hỏi trung bình số 45',36,1),(3063,'Câu hỏi trung bình số 46',36,1),(3064,'Câu hỏi trung bình số 47',36,1),(3065,'Câu hỏi trung bình số 48',36,1),(3066,'Câu hỏi trung bình số 49',36,1),(3067,'Câu hỏi trung bình số 50',36,1),(3068,'Câu hỏi trung bình số 51',36,1),(3069,'Câu hỏi trung bình số 52',36,1),(3070,'Câu hỏi trung bình số 53',36,1),(3071,'Câu hỏi trung bình số 54',36,1),(3072,'Câu hỏi trung bình số 55',36,1),(3073,'Câu hỏi trung bình số 56',36,1),(3074,'Câu hỏi trung bình số 57',36,1),(3075,'Câu hỏi trung bình số 58',36,1),(3076,'Câu hỏi trung bình số 59',36,1),(3077,'Câu hỏi trung bình số 60',36,1),(3078,'Câu hỏi trung bình số 61',36,1),(3079,'Câu hỏi trung bình số 62',36,1),(3080,'Câu hỏi trung bình số 63',36,1),(3081,'Câu hỏi trung bình số 64',36,1),(3082,'Câu hỏi trung bình số 65',36,1),(3083,'Câu hỏi trung bình số 66',36,1),(3084,'Câu hỏi trung bình số 67',36,1),(3085,'Câu hỏi trung bình số 68',36,1),(3086,'Câu hỏi trung bình số 69',36,1),(3087,'Câu hỏi trung bình số 70',36,1),(3088,'Câu hỏi trung bình số 71',36,1),(3089,'Câu hỏi trung bình số 72',36,1),(3090,'Câu hỏi trung bình số 73',36,1),(3091,'Câu hỏi trung bình số 74',36,1),(3092,'Câu hỏi trung bình số 75',36,1),(3093,'Câu hỏi trung bình số 76',36,1),(3094,'Câu hỏi trung bình số 77',36,1),(3095,'Câu hỏi trung bình số 78',36,1),(3096,'Câu hỏi trung bình số 79',36,1),(3097,'Câu hỏi trung bình số 80',36,1),(3098,'Câu hỏi trung bình số 81',36,1),(3099,'Câu hỏi trung bình số 82',36,1),(3100,'Câu hỏi trung bình số 83',36,1),(3101,'Câu hỏi trung bình số 84',36,1),(3102,'Câu hỏi trung bình số 85',36,1),(3103,'Câu hỏi trung bình số 86',36,1),(3104,'Câu hỏi trung bình số 87',36,1),(3105,'Câu hỏi trung bình số 88',36,1),(3106,'Câu hỏi trung bình số 89',36,1),(3107,'Câu hỏi trung bình số 90',36,1),(3108,'Câu hỏi trung bình số 91',36,1),(3109,'Câu hỏi trung bình số 92',36,1),(3110,'Câu hỏi trung bình số 93',36,1),(3111,'Câu hỏi trung bình số 94',36,1),(3112,'Câu hỏi trung bình số 95',36,1),(3113,'Câu hỏi trung bình số 96',36,1),(3114,'Câu hỏi trung bình số 97',36,1),(3115,'Câu hỏi trung bình số 98',36,1),(3116,'Câu hỏi trung bình số 99',36,1),(3117,'Câu hỏi khó số 0',36,2),(3118,'Câu hỏi khó số 1',36,2),(3119,'Câu hỏi khó số 2',36,2),(3120,'Câu hỏi khó số 3',36,2),(3121,'Câu hỏi khó số 4',36,2),(3122,'Câu hỏi khó số 5',36,2),(3123,'Câu hỏi khó số 6',36,2),(3124,'Câu hỏi khó số 7',36,2),(3125,'Câu hỏi khó số 8',36,2),(3126,'Câu hỏi khó số 9',36,2),(3127,'Câu hỏi khó số 10',36,2),(3128,'Câu hỏi khó số 11',36,2),(3129,'Câu hỏi khó số 12',36,2),(3130,'Câu hỏi khó số 13',36,2),(3131,'Câu hỏi khó số 14',36,2),(3132,'Câu hỏi khó số 15',36,2),(3133,'Câu hỏi khó số 16',36,2),(3134,'Câu hỏi khó số 17',36,2),(3135,'Câu hỏi khó số 18',36,2),(3136,'Câu hỏi khó số 19',36,2),(3137,'Câu hỏi khó số 20',36,2),(3138,'Câu hỏi khó số 21',36,2),(3139,'Câu hỏi khó số 22',36,2),(3140,'Câu hỏi khó số 23',36,2),(3141,'Câu hỏi khó số 24',36,2),(3142,'Câu hỏi khó số 25',36,2),(3143,'Câu hỏi khó số 26',36,2),(3144,'Câu hỏi khó số 27',36,2),(3145,'Câu hỏi khó số 28',36,2),(3146,'Câu hỏi khó số 29',36,2),(3147,'Câu hỏi khó số 30',36,2),(3148,'Câu hỏi khó số 31',36,2),(3149,'Câu hỏi khó số 32',36,2),(3150,'Câu hỏi khó số 33',36,2),(3151,'Câu hỏi khó số 34',36,2),(3152,'Câu hỏi khó số 35',36,2),(3153,'Câu hỏi khó số 36',36,2),(3154,'Câu hỏi khó số 37',36,2),(3155,'Câu hỏi khó số 38',36,2),(3156,'Câu hỏi khó số 39',36,2),(3157,'Câu hỏi khó số 40',36,2),(3158,'Câu hỏi khó số 41',36,2),(3159,'Câu hỏi khó số 42',36,2),(3160,'Câu hỏi khó số 43',36,2),(3161,'Câu hỏi khó số 44',36,2),(3162,'Câu hỏi khó số 45',36,2),(3163,'Câu hỏi khó số 46',36,2),(3164,'Câu hỏi khó số 47',36,2),(3165,'Câu hỏi khó số 48',36,2),(3166,'Câu hỏi khó số 49',36,2),(3167,'Câu hỏi khó số 50',36,2),(3168,'Câu hỏi khó số 51',36,2),(3169,'Câu hỏi khó số 52',36,2),(3170,'Câu hỏi khó số 53',36,2),(3171,'Câu hỏi khó số 54',36,2),(3172,'Câu hỏi khó số 55',36,2),(3173,'Câu hỏi khó số 56',36,2),(3174,'Câu hỏi khó số 57',36,2),(3175,'Câu hỏi khó số 58',36,2),(3176,'Câu hỏi khó số 59',36,2),(3177,'Câu hỏi khó số 60',36,2),(3178,'Câu hỏi khó số 61',36,2),(3179,'Câu hỏi khó số 62',36,2),(3180,'Câu hỏi khó số 63',36,2),(3181,'Câu hỏi khó số 64',36,2),(3182,'Câu hỏi khó số 65',36,2),(3183,'Câu hỏi khó số 66',36,2),(3184,'Câu hỏi khó số 67',36,2),(3185,'Câu hỏi khó số 68',36,2),(3186,'Câu hỏi khó số 69',36,2),(3187,'Câu hỏi khó số 70',36,2),(3188,'Câu hỏi khó số 71',36,2),(3189,'Câu hỏi khó số 72',36,2),(3190,'Câu hỏi khó số 73',36,2),(3191,'Câu hỏi khó số 74',36,2),(3192,'Câu hỏi khó số 75',36,2),(3193,'Câu hỏi khó số 76',36,2),(3194,'Câu hỏi khó số 77',36,2),(3195,'Câu hỏi khó số 78',36,2),(3196,'Câu hỏi khó số 79',36,2),(3197,'Câu hỏi khó số 80',36,2),(3198,'Câu hỏi khó số 81',36,2),(3199,'Câu hỏi khó số 82',36,2),(3200,'Câu hỏi khó số 83',36,2),(3201,'Câu hỏi khó số 84',36,2),(3202,'Câu hỏi khó số 85',36,2),(3203,'Câu hỏi khó số 86',36,2),(3204,'Câu hỏi khó số 87',36,2),(3205,'Câu hỏi khó số 88',36,2),(3206,'Câu hỏi khó số 89',36,2),(3207,'Câu hỏi khó số 90',36,2),(3208,'Câu hỏi khó số 91',36,2),(3209,'Câu hỏi khó số 92',36,2),(3210,'Câu hỏi khó số 93',36,2),(3211,'Câu hỏi khó số 94',36,2),(3212,'Câu hỏi khó số 95',36,2),(3213,'Câu hỏi khó số 96',36,2),(3214,'Câu hỏi khó số 97',36,2),(3215,'Câu hỏi khó số 98',36,2),(3216,'Câu hỏi khó số 99',36,2),(3217,'Câu hỏi dễ số 0',35,1),(3218,'Câu hỏi dễ số 1',35,0),(3233,'Cau hoi so 2',45,0),(3234,'Cau hoi so 1',45,0);
/*!40000 ALTER TABLE `question` ENABLE KEYS */;
UNLOCK TABLES;

--
-- Table structure for table `question_answer`
--

DROP TABLE IF EXISTS `question_answer`;
/*!40101 SET @saved_cs_client     = @@character_set_client */;
/*!40101 SET character_set_client = utf8 */;
CREATE TABLE `question_answer` (
  `id` int(11) NOT NULL AUTO_INCREMENT,
  `question_id` int(11) NOT NULL,
  `answer` varchar(255) DEFAULT NULL,
  `is_true` tinyint(1) DEFAULT NULL,
  PRIMARY KEY (`id`),
  KEY `ádfasdfasdf_idx` (`question_id`),
  CONSTRAINT `ádfasdfasdf` FOREIGN KEY (`question_id`) REFERENCES `question` (`id`) ON DELETE CASCADE ON UPDATE NO ACTION
) ENGINE=InnoDB AUTO_INCREMENT=12881 DEFAULT CHARSET=utf8;
/*!40101 SET character_set_client = @saved_cs_client */;

--
-- Dumping data for table `question_answer`
--

LOCK TABLES `question_answer` WRITE;
/*!40000 ALTER TABLE `question_answer` DISABLE KEYS */;
INSERT INTO `question_answer` VALUES (9223,2317,'Đáp án thứ 1',1),(9224,2317,'Đáp án thứ 2',0),(9225,2317,'Đáp án thứ 3',0),(9226,2317,'Đáp án thứ 4',0),(9227,2318,'Đáp án thứ 1',1),(9228,2318,'Đáp án thứ 2',0),(9229,2318,'Đáp án thứ 3',0),(9230,2318,'Đáp án thứ 4',0),(9231,2319,'Đáp án thứ 1',1),(9232,2319,'Đáp án thứ 2',0),(9233,2319,'Đáp án thứ 3',0),(9234,2319,'Đáp án thứ 4',0),(9235,2320,'Đáp án thứ 1',1),(9236,2320,'Đáp án thứ 2',0),(9237,2320,'Đáp án thứ 3',0),(9238,2320,'Đáp án thứ 4',0),(9239,2321,'Đáp án thứ 1',1),(9240,2321,'Đáp án thứ 2',0),(9241,2321,'Đáp án thứ 3',0),(9242,2321,'Đáp án thứ 4',0),(9243,2322,'Đáp án thứ 1',1),(9244,2322,'Đáp án thứ 2',1),(9245,2322,'Đáp án thứ 3',0),(9246,2322,'Đáp án thứ 4',0),(9247,2323,'Đáp án thứ 1',1),(9248,2323,'Đáp án thứ 2',0),(9249,2323,'Đáp án thứ 3',0),(9250,2323,'Đáp án thứ 4',0),(9251,2324,'Đáp án thứ 1',1),(9252,2324,'Đáp án thứ 2',0),(9253,2324,'Đáp án thứ 3',0),(9254,2324,'Đáp án thứ 4',0),(9255,2325,'Đáp án thứ 1',1),(9256,2325,'Đáp án thứ 2',1),(9257,2325,'Đáp án thứ 3',0),(9258,2325,'Đáp án thứ 4',0),(9259,2326,'Đáp án thứ 1',1),(9260,2326,'Đáp án thứ 2',1),(9261,2326,'Đáp án thứ 3',0),(9262,2326,'Đáp án thứ 4',0),(9263,2327,'Đáp án thứ 1',1),(9264,2327,'Đáp án thứ 2',0),(9265,2327,'Đáp án thứ 3',0),(9266,2327,'Đáp án thứ 4',0),(9267,2328,'Đáp án thứ 1',1),(9268,2328,'Đáp án thứ 2',0),(9269,2328,'Đáp án thứ 3',0),(9270,2328,'Đáp án thứ 4',0),(9271,2329,'Đáp án thứ 1',1),(9272,2329,'Đáp án thứ 2',0),(9273,2329,'Đáp án thứ 3',0),(9274,2329,'Đáp án thứ 4',0),(9275,2330,'Đáp án thứ 1',1),(9276,2330,'Đáp án thứ 2',1),(9277,2330,'Đáp án thứ 3',0),(9278,2330,'Đáp án thứ 4',0),(9279,2331,'Đáp án thứ 1',1),(9280,2331,'Đáp án thứ 2',1),(9281,2331,'Đáp án thứ 3',0),(9282,2331,'Đáp án thứ 4',0),(9283,2332,'Đáp án thứ 1',1),(9284,2332,'Đáp án thứ 2',1),(9285,2332,'Đáp án thứ 3',0),(9286,2332,'Đáp án thứ 4',0),(9287,2333,'Đáp án thứ 1',1),(9288,2333,'Đáp án thứ 2',1),(9289,2333,'Đáp án thứ 3',0),(9290,2333,'Đáp án thứ 4',0),(9291,2334,'Đáp án thứ 1',1),(9292,2334,'Đáp án thứ 2',1),(9293,2334,'Đáp án thứ 3',0),(9294,2334,'Đáp án thứ 4',0),(9295,2335,'Đáp án thứ 1',1),(9296,2335,'Đáp án thứ 2',0),(9297,2335,'Đáp án thứ 3',0),(9298,2335,'Đáp án thứ 4',0),(9299,2336,'Đáp án thứ 1',1),(9300,2336,'Đáp án thứ 2',0),(9301,2336,'Đáp án thứ 3',0),(9302,2336,'Đáp án thứ 4',0),(9303,2337,'Đáp án thứ 1',1),(9304,2337,'Đáp án thứ 2',0),(9305,2337,'Đáp án thứ 3',0),(9306,2337,'Đáp án thứ 4',0),(9307,2338,'Đáp án thứ 1',1),(9308,2338,'Đáp án thứ 2',0),(9309,2338,'Đáp án thứ 3',0),(9310,2338,'Đáp án thứ 4',0),(9311,2339,'Đáp án thứ 1',1),(9312,2339,'Đáp án thứ 2',0),(9313,2339,'Đáp án thứ 3',0),(9314,2339,'Đáp án thứ 4',0),(9315,2340,'Đáp án thứ 1',1),(9316,2340,'Đáp án thứ 2',1),(9317,2340,'Đáp án thứ 3',0),(9318,2340,'Đáp án thứ 4',0),(9319,2341,'Đáp án thứ 1',1),(9320,2341,'Đáp án thứ 2',0),(9321,2341,'Đáp án thứ 3',0),(9322,2341,'Đáp án thứ 4',0),(9323,2342,'Đáp án thứ 1',1),(9324,2342,'Đáp án thứ 2',0),(9325,2342,'Đáp án thứ 3',0),(9326,2342,'Đáp án thứ 4',0),(9327,2343,'Đáp án thứ 1',1),(9328,2343,'Đáp án thứ 2',1),(9329,2343,'Đáp án thứ 3',0),(9330,2343,'Đáp án thứ 4',0),(9331,2344,'Đáp án thứ 1',1),(9332,2344,'Đáp án thứ 2',1),(9333,2344,'Đáp án thứ 3',0),(9334,2344,'Đáp án thứ 4',0),(9335,2345,'Đáp án thứ 1',1),(9336,2345,'Đáp án thứ 2',1),(9337,2345,'Đáp án thứ 3',0),(9338,2345,'Đáp án thứ 4',0),(9339,2346,'Đáp án thứ 1',1),(9340,2346,'Đáp án thứ 2',0),(9341,2346,'Đáp án thứ 3',0),(9342,2346,'Đáp án thứ 4',0),(9343,2347,'Đáp án thứ 1',1),(9344,2347,'Đáp án thứ 2',0),(9345,2347,'Đáp án thứ 3',0),(9346,2347,'Đáp án thứ 4',0),(9347,2348,'Đáp án thứ 1',1),(9348,2348,'Đáp án thứ 2',0),(9349,2348,'Đáp án thứ 3',0),(9350,2348,'Đáp án thứ 4',0),(9351,2349,'Đáp án thứ 1',1),(9352,2349,'Đáp án thứ 2',0),(9353,2349,'Đáp án thứ 3',0),(9354,2349,'Đáp án thứ 4',0),(9355,2350,'Đáp án thứ 1',1),(9356,2350,'Đáp án thứ 2',1),(9357,2350,'Đáp án thứ 3',0),(9358,2350,'Đáp án thứ 4',0),(9359,2351,'Đáp án thứ 1',1),(9360,2351,'Đáp án thứ 2',1),(9361,2351,'Đáp án thứ 3',0),(9362,2351,'Đáp án thứ 4',0),(9363,2352,'Đáp án thứ 1',1),(9364,2352,'Đáp án thứ 2',1),(9365,2352,'Đáp án thứ 3',0),(9366,2352,'Đáp án thứ 4',0),(9367,2353,'Đáp án thứ 1',1),(9368,2353,'Đáp án thứ 2',0),(9369,2353,'Đáp án thứ 3',0),(9370,2353,'Đáp án thứ 4',0),(9371,2354,'Đáp án thứ 1',1),(9372,2354,'Đáp án thứ 2',1),(9373,2354,'Đáp án thứ 3',0),(9374,2354,'Đáp án thứ 4',0),(9375,2355,'Đáp án thứ 1',1),(9376,2355,'Đáp án thứ 2',1),(9377,2355,'Đáp án thứ 3',0),(9378,2355,'Đáp án thứ 4',0),(9379,2356,'Đáp án thứ 1',1),(9380,2356,'Đáp án thứ 2',1),(9381,2356,'Đáp án thứ 3',0),(9382,2356,'Đáp án thứ 4',0),(9383,2357,'Đáp án thứ 1',1),(9384,2357,'Đáp án thứ 2',0),(9385,2357,'Đáp án thứ 3',0),(9386,2357,'Đáp án thứ 4',0),(9387,2358,'Đáp án thứ 1',1),(9388,2358,'Đáp án thứ 2',1),(9389,2358,'Đáp án thứ 3',0),(9390,2358,'Đáp án thứ 4',0),(9391,2359,'Đáp án thứ 1',1),(9392,2359,'Đáp án thứ 2',0),(9393,2359,'Đáp án thứ 3',0),(9394,2359,'Đáp án thứ 4',0),(9395,2360,'Đáp án thứ 1',1),(9396,2360,'Đáp án thứ 2',0),(9397,2360,'Đáp án thứ 3',0),(9398,2360,'Đáp án thứ 4',0),(9399,2361,'Đáp án thứ 1',1),(9400,2361,'Đáp án thứ 2',1),(9401,2361,'Đáp án thứ 3',0),(9402,2361,'Đáp án thứ 4',0),(9403,2362,'Đáp án thứ 1',1),(9404,2362,'Đáp án thứ 2',1),(9405,2362,'Đáp án thứ 3',0),(9406,2362,'Đáp án thứ 4',0),(9407,2363,'Đáp án thứ 1',1),(9408,2363,'Đáp án thứ 2',0),(9409,2363,'Đáp án thứ 3',0),(9410,2363,'Đáp án thứ 4',0),(9411,2364,'Đáp án thứ 1',1),(9412,2364,'Đáp án thứ 2',0),(9413,2364,'Đáp án thứ 3',0),(9414,2364,'Đáp án thứ 4',0),(9415,2365,'Đáp án thứ 1',1),(9416,2365,'Đáp án thứ 2',0),(9417,2365,'Đáp án thứ 3',0),(9418,2365,'Đáp án thứ 4',0),(9419,2366,'Đáp án thứ 1',1),(9420,2366,'Đáp án thứ 2',0),(9421,2366,'Đáp án thứ 3',0),(9422,2366,'Đáp án thứ 4',0),(9423,2367,'Đáp án thứ 1',1),(9424,2367,'Đáp án thứ 2',1),(9425,2367,'Đáp án thứ 3',0),(9426,2367,'Đáp án thứ 4',0),(9427,2368,'Đáp án thứ 1',1),(9428,2368,'Đáp án thứ 2',0),(9429,2368,'Đáp án thứ 3',0),(9430,2368,'Đáp án thứ 4',0),(9431,2369,'Đáp án thứ 1',1),(9432,2369,'Đáp án thứ 2',1),(9433,2369,'Đáp án thứ 3',0),(9434,2369,'Đáp án thứ 4',0),(9435,2370,'Đáp án thứ 1',1),(9436,2370,'Đáp án thứ 2',0),(9437,2370,'Đáp án thứ 3',0),(9438,2370,'Đáp án thứ 4',0),(9439,2371,'Đáp án thứ 1',1),(9440,2371,'Đáp án thứ 2',1),(9441,2371,'Đáp án thứ 3',0),(9442,2371,'Đáp án thứ 4',0),(9443,2372,'Đáp án thứ 1',1),(9444,2372,'Đáp án thứ 2',0),(9445,2372,'Đáp án thứ 3',0),(9446,2372,'Đáp án thứ 4',0),(9447,2373,'Đáp án thứ 1',1),(9448,2373,'Đáp án thứ 2',1),(9449,2373,'Đáp án thứ 3',0),(9450,2373,'Đáp án thứ 4',0),(9451,2374,'Đáp án thứ 1',1),(9452,2374,'Đáp án thứ 2',0),(9453,2374,'Đáp án thứ 3',0),(9454,2374,'Đáp án thứ 4',0),(9455,2375,'Đáp án thứ 1',1),(9456,2375,'Đáp án thứ 2',0),(9457,2375,'Đáp án thứ 3',0),(9458,2375,'Đáp án thứ 4',0),(9459,2376,'Đáp án thứ 1',1),(9460,2376,'Đáp án thứ 2',1),(9461,2376,'Đáp án thứ 3',0),(9462,2376,'Đáp án thứ 4',0),(9463,2377,'Đáp án thứ 1',1),(9464,2377,'Đáp án thứ 2',1),(9465,2377,'Đáp án thứ 3',0),(9466,2377,'Đáp án thứ 4',0),(9467,2378,'Đáp án thứ 1',1),(9468,2378,'Đáp án thứ 2',0),(9469,2378,'Đáp án thứ 3',0),(9470,2378,'Đáp án thứ 4',0),(9471,2379,'Đáp án thứ 1',1),(9472,2379,'Đáp án thứ 2',1),(9473,2379,'Đáp án thứ 3',0),(9474,2379,'Đáp án thứ 4',0),(9475,2380,'Đáp án thứ 1',1),(9476,2380,'Đáp án thứ 2',1),(9477,2380,'Đáp án thứ 3',0),(9478,2380,'Đáp án thứ 4',0),(9479,2381,'Đáp án thứ 1',1),(9480,2381,'Đáp án thứ 2',0),(9481,2381,'Đáp án thứ 3',0),(9482,2381,'Đáp án thứ 4',0),(9483,2382,'Đáp án thứ 1',1),(9484,2382,'Đáp án thứ 2',1),(9485,2382,'Đáp án thứ 3',0),(9486,2382,'Đáp án thứ 4',0),(9487,2383,'Đáp án thứ 1',1),(9488,2383,'Đáp án thứ 2',0),(9489,2383,'Đáp án thứ 3',0),(9490,2383,'Đáp án thứ 4',0),(9491,2384,'Đáp án thứ 1',1),(9492,2384,'Đáp án thứ 2',0),(9493,2384,'Đáp án thứ 3',0),(9494,2384,'Đáp án thứ 4',0),(9495,2385,'Đáp án thứ 1',1),(9496,2385,'Đáp án thứ 2',0),(9497,2385,'Đáp án thứ 3',0),(9498,2385,'Đáp án thứ 4',0),(9499,2386,'Đáp án thứ 1',1),(9500,2386,'Đáp án thứ 2',1),(9501,2386,'Đáp án thứ 3',0),(9502,2386,'Đáp án thứ 4',0),(9503,2387,'Đáp án thứ 1',1),(9504,2387,'Đáp án thứ 2',0),(9505,2387,'Đáp án thứ 3',0),(9506,2387,'Đáp án thứ 4',0),(9507,2388,'Đáp án thứ 1',1),(9508,2388,'Đáp án thứ 2',1),(9509,2388,'Đáp án thứ 3',0),(9510,2388,'Đáp án thứ 4',0),(9511,2389,'Đáp án thứ 1',1),(9512,2389,'Đáp án thứ 2',0),(9513,2389,'Đáp án thứ 3',0),(9514,2389,'Đáp án thứ 4',0),(9515,2390,'Đáp án thứ 1',1),(9516,2390,'Đáp án thứ 2',1),(9517,2390,'Đáp án thứ 3',0),(9518,2390,'Đáp án thứ 4',0),(9519,2391,'Đáp án thứ 1',1),(9520,2391,'Đáp án thứ 2',1),(9521,2391,'Đáp án thứ 3',0),(9522,2391,'Đáp án thứ 4',0),(9523,2392,'Đáp án thứ 1',1),(9524,2392,'Đáp án thứ 2',1),(9525,2392,'Đáp án thứ 3',0),(9526,2392,'Đáp án thứ 4',0),(9527,2393,'Đáp án thứ 1',1),(9528,2393,'Đáp án thứ 2',0),(9529,2393,'Đáp án thứ 3',0),(9530,2393,'Đáp án thứ 4',0),(9531,2394,'Đáp án thứ 1',1),(9532,2394,'Đáp án thứ 2',0),(9533,2394,'Đáp án thứ 3',0),(9534,2394,'Đáp án thứ 4',0),(9535,2395,'Đáp án thứ 1',1),(9536,2395,'Đáp án thứ 2',0),(9537,2395,'Đáp án thứ 3',0),(9538,2395,'Đáp án thứ 4',0),(9539,2396,'Đáp án thứ 1',1),(9540,2396,'Đáp án thứ 2',1),(9541,2396,'Đáp án thứ 3',0),(9542,2396,'Đáp án thứ 4',0),(9543,2397,'Đáp án thứ 1',1),(9544,2397,'Đáp án thứ 2',0),(9545,2397,'Đáp án thứ 3',0),(9546,2397,'Đáp án thứ 4',0),(9547,2398,'Đáp án thứ 1',1),(9548,2398,'Đáp án thứ 2',1),(9549,2398,'Đáp án thứ 3',0),(9550,2398,'Đáp án thứ 4',0),(9551,2399,'Đáp án thứ 1',1),(9552,2399,'Đáp án thứ 2',1),(9553,2399,'Đáp án thứ 3',0),(9554,2399,'Đáp án thứ 4',0),(9555,2400,'Đáp án thứ 1',1),(9556,2400,'Đáp án thứ 2',0),(9557,2400,'Đáp án thứ 3',0),(9558,2400,'Đáp án thứ 4',0),(9559,2401,'Đáp án thứ 1',1),(9560,2401,'Đáp án thứ 2',1),(9561,2401,'Đáp án thứ 3',0),(9562,2401,'Đáp án thứ 4',0),(9563,2402,'Đáp án thứ 1',1),(9564,2402,'Đáp án thứ 2',0),(9565,2402,'Đáp án thứ 3',0),(9566,2402,'Đáp án thứ 4',0),(9567,2403,'Đáp án thứ 1',1),(9568,2403,'Đáp án thứ 2',0),(9569,2403,'Đáp án thứ 3',0),(9570,2403,'Đáp án thứ 4',0),(9571,2404,'Đáp án thứ 1',1),(9572,2404,'Đáp án thứ 2',0),(9573,2404,'Đáp án thứ 3',0),(9574,2404,'Đáp án thứ 4',0),(9575,2405,'Đáp án thứ 1',1),(9576,2405,'Đáp án thứ 2',1),(9577,2405,'Đáp án thứ 3',0),(9578,2405,'Đáp án thứ 4',0),(9579,2406,'Đáp án thứ 1',1),(9580,2406,'Đáp án thứ 2',0),(9581,2406,'Đáp án thứ 3',0),(9582,2406,'Đáp án thứ 4',0),(9583,2407,'Đáp án thứ 1',1),(9584,2407,'Đáp án thứ 2',0),(9585,2407,'Đáp án thứ 3',0),(9586,2407,'Đáp án thứ 4',0),(9587,2408,'Đáp án thứ 1',1),(9588,2408,'Đáp án thứ 2',1),(9589,2408,'Đáp án thứ 3',0),(9590,2408,'Đáp án thứ 4',0),(9591,2409,'Đáp án thứ 1',1),(9592,2409,'Đáp án thứ 2',0),(9593,2409,'Đáp án thứ 3',0),(9594,2409,'Đáp án thứ 4',0),(9595,2410,'Đáp án thứ 1',1),(9596,2410,'Đáp án thứ 2',0),(9597,2410,'Đáp án thứ 3',0),(9598,2410,'Đáp án thứ 4',0),(9599,2411,'Đáp án thứ 1',1),(9600,2411,'Đáp án thứ 2',0),(9601,2411,'Đáp án thứ 3',0),(9602,2411,'Đáp án thứ 4',0),(9603,2412,'Đáp án thứ 1',1),(9604,2412,'Đáp án thứ 2',0),(9605,2412,'Đáp án thứ 3',0),(9606,2412,'Đáp án thứ 4',0),(9607,2413,'Đáp án thứ 1',1),(9608,2413,'Đáp án thứ 2',0),(9609,2413,'Đáp án thứ 3',0),(9610,2413,'Đáp án thứ 4',0),(9611,2414,'Đáp án thứ 1',1),(9612,2414,'Đáp án thứ 2',1),(9613,2414,'Đáp án thứ 3',0),(9614,2414,'Đáp án thứ 4',0),(9615,2415,'Đáp án thứ 1',1),(9616,2415,'Đáp án thứ 2',0),(9617,2415,'Đáp án thứ 3',0),(9618,2415,'Đáp án thứ 4',0),(9619,2416,'Đáp án thứ 1',1),(9620,2416,'Đáp án thứ 2',1),(9621,2416,'Đáp án thứ 3',0),(9622,2416,'Đáp án thứ 4',0),(9623,2417,'Đáp án thứ 1',1),(9624,2417,'Đáp án thứ 2',1),(9625,2417,'Đáp án thứ 3',0),(9626,2417,'Đáp án thứ 4',0),(9627,2418,'Đáp án thứ 1',1),(9628,2418,'Đáp án thứ 2',0),(9629,2418,'Đáp án thứ 3',0),(9630,2418,'Đáp án thứ 4',0),(9631,2419,'Đáp án thứ 1',1),(9632,2419,'Đáp án thứ 2',0),(9633,2419,'Đáp án thứ 3',0),(9634,2419,'Đáp án thứ 4',0),(9635,2420,'Đáp án thứ 1',1),(9636,2420,'Đáp án thứ 2',0),(9637,2420,'Đáp án thứ 3',0),(9638,2420,'Đáp án thứ 4',0),(9639,2421,'Đáp án thứ 1',1),(9640,2421,'Đáp án thứ 2',0),(9641,2421,'Đáp án thứ 3',0),(9642,2421,'Đáp án thứ 4',0),(9643,2422,'Đáp án thứ 1',1),(9644,2422,'Đáp án thứ 2',0),(9645,2422,'Đáp án thứ 3',0),(9646,2422,'Đáp án thứ 4',0),(9647,2423,'Đáp án thứ 1',1),(9648,2423,'Đáp án thứ 2',1),(9649,2423,'Đáp án thứ 3',0),(9650,2423,'Đáp án thứ 4',0),(9651,2424,'Đáp án thứ 1',1),(9652,2424,'Đáp án thứ 2',0),(9653,2424,'Đáp án thứ 3',0),(9654,2424,'Đáp án thứ 4',0),(9655,2425,'Đáp án thứ 1',1),(9656,2425,'Đáp án thứ 2',1),(9657,2425,'Đáp án thứ 3',0),(9658,2425,'Đáp án thứ 4',0),(9659,2426,'Đáp án thứ 1',1),(9660,2426,'Đáp án thứ 2',0),(9661,2426,'Đáp án thứ 3',0),(9662,2426,'Đáp án thứ 4',0),(9663,2427,'Đáp án thứ 1',1),(9664,2427,'Đáp án thứ 2',0),(9665,2427,'Đáp án thứ 3',0),(9666,2427,'Đáp án thứ 4',0),(9667,2428,'Đáp án thứ 1',1),(9668,2428,'Đáp án thứ 2',1),(9669,2428,'Đáp án thứ 3',0),(9670,2428,'Đáp án thứ 4',0),(9671,2429,'Đáp án thứ 1',1),(9672,2429,'Đáp án thứ 2',1),(9673,2429,'Đáp án thứ 3',0),(9674,2429,'Đáp án thứ 4',0),(9675,2430,'Đáp án thứ 1',1),(9676,2430,'Đáp án thứ 2',0),(9677,2430,'Đáp án thứ 3',0),(9678,2430,'Đáp án thứ 4',0),(9679,2431,'Đáp án thứ 1',1),(9680,2431,'Đáp án thứ 2',1),(9681,2431,'Đáp án thứ 3',0),(9682,2431,'Đáp án thứ 4',0),(9683,2432,'Đáp án thứ 1',1),(9684,2432,'Đáp án thứ 2',0),(9685,2432,'Đáp án thứ 3',0),(9686,2432,'Đáp án thứ 4',0),(9687,2433,'Đáp án thứ 1',1),(9688,2433,'Đáp án thứ 2',0),(9689,2433,'Đáp án thứ 3',0),(9690,2433,'Đáp án thứ 4',0),(9691,2434,'Đáp án thứ 1',1),(9692,2434,'Đáp án thứ 2',0),(9693,2434,'Đáp án thứ 3',0),(9694,2434,'Đáp án thứ 4',0),(9695,2435,'Đáp án thứ 1',1),(9696,2435,'Đáp án thứ 2',0),(9697,2435,'Đáp án thứ 3',0),(9698,2435,'Đáp án thứ 4',0),(9699,2436,'Đáp án thứ 1',1),(9700,2436,'Đáp án thứ 2',0),(9701,2436,'Đáp án thứ 3',0),(9702,2436,'Đáp án thứ 4',0),(9703,2437,'Đáp án thứ 1',1),(9704,2437,'Đáp án thứ 2',1),(9705,2437,'Đáp án thứ 3',0),(9706,2437,'Đáp án thứ 4',0),(9707,2438,'Đáp án thứ 1',1),(9708,2438,'Đáp án thứ 2',1),(9709,2438,'Đáp án thứ 3',0),(9710,2438,'Đáp án thứ 4',0),(9711,2439,'Đáp án thứ 1',1),(9712,2439,'Đáp án thứ 2',0),(9713,2439,'Đáp án thứ 3',0),(9714,2439,'Đáp án thứ 4',0),(9715,2440,'Đáp án thứ 1',1),(9716,2440,'Đáp án thứ 2',1),(9717,2440,'Đáp án thứ 3',0),(9718,2440,'Đáp án thứ 4',0),(9719,2441,'Đáp án thứ 1',1),(9720,2441,'Đáp án thứ 2',1),(9721,2441,'Đáp án thứ 3',0),(9722,2441,'Đáp án thứ 4',0),(9723,2442,'Đáp án thứ 1',1),(9724,2442,'Đáp án thứ 2',0),(9725,2442,'Đáp án thứ 3',0),(9726,2442,'Đáp án thứ 4',0),(9727,2443,'Đáp án thứ 1',1),(9728,2443,'Đáp án thứ 2',1),(9729,2443,'Đáp án thứ 3',0),(9730,2443,'Đáp án thứ 4',0),(9731,2444,'Đáp án thứ 1',1),(9732,2444,'Đáp án thứ 2',1),(9733,2444,'Đáp án thứ 3',0),(9734,2444,'Đáp án thứ 4',0),(9735,2445,'Đáp án thứ 1',1),(9736,2445,'Đáp án thứ 2',0),(9737,2445,'Đáp án thứ 3',0),(9738,2445,'Đáp án thứ 4',0),(9739,2446,'Đáp án thứ 1',1),(9740,2446,'Đáp án thứ 2',0),(9741,2446,'Đáp án thứ 3',0),(9742,2446,'Đáp án thứ 4',0),(9743,2447,'Đáp án thứ 1',1),(9744,2447,'Đáp án thứ 2',0),(9745,2447,'Đáp án thứ 3',0),(9746,2447,'Đáp án thứ 4',0),(9747,2448,'Đáp án thứ 1',1),(9748,2448,'Đáp án thứ 2',1),(9749,2448,'Đáp án thứ 3',0),(9750,2448,'Đáp án thứ 4',0),(9751,2449,'Đáp án thứ 1',1),(9752,2449,'Đáp án thứ 2',1),(9753,2449,'Đáp án thứ 3',0),(9754,2449,'Đáp án thứ 4',0),(9755,2450,'Đáp án thứ 1',1),(9756,2450,'Đáp án thứ 2',0),(9757,2450,'Đáp án thứ 3',0),(9758,2450,'Đáp án thứ 4',0),(9759,2451,'Đáp án thứ 1',1),(9760,2451,'Đáp án thứ 2',1),(9761,2451,'Đáp án thứ 3',0),(9762,2451,'Đáp án thứ 4',0),(9763,2452,'Đáp án thứ 1',1),(9764,2452,'Đáp án thứ 2',1),(9765,2452,'Đáp án thứ 3',0),(9766,2452,'Đáp án thứ 4',0),(9767,2453,'Đáp án thứ 1',1),(9768,2453,'Đáp án thứ 2',1),(9769,2453,'Đáp án thứ 3',0),(9770,2453,'Đáp án thứ 4',0),(9771,2454,'Đáp án thứ 1',1),(9772,2454,'Đáp án thứ 2',1),(9773,2454,'Đáp án thứ 3',0),(9774,2454,'Đáp án thứ 4',0),(9775,2455,'Đáp án thứ 1',1),(9776,2455,'Đáp án thứ 2',0),(9777,2455,'Đáp án thứ 3',0),(9778,2455,'Đáp án thứ 4',0),(9779,2456,'Đáp án thứ 1',1),(9780,2456,'Đáp án thứ 2',0),(9781,2456,'Đáp án thứ 3',0),(9782,2456,'Đáp án thứ 4',0),(9783,2457,'Đáp án thứ 1',1),(9784,2457,'Đáp án thứ 2',1),(9785,2457,'Đáp án thứ 3',0),(9786,2457,'Đáp án thứ 4',0),(9787,2458,'Đáp án thứ 1',1),(9788,2458,'Đáp án thứ 2',0),(9789,2458,'Đáp án thứ 3',0),(9790,2458,'Đáp án thứ 4',0),(9791,2459,'Đáp án thứ 1',1),(9792,2459,'Đáp án thứ 2',0),(9793,2459,'Đáp án thứ 3',0),(9794,2459,'Đáp án thứ 4',0),(9795,2460,'Đáp án thứ 1',1),(9796,2460,'Đáp án thứ 2',0),(9797,2460,'Đáp án thứ 3',0),(9798,2460,'Đáp án thứ 4',0),(9799,2461,'Đáp án thứ 1',1),(9800,2461,'Đáp án thứ 2',0),(9801,2461,'Đáp án thứ 3',0),(9802,2461,'Đáp án thứ 4',0),(9803,2462,'Đáp án thứ 1',1),(9804,2462,'Đáp án thứ 2',0),(9805,2462,'Đáp án thứ 3',0),(9806,2462,'Đáp án thứ 4',0),(9807,2463,'Đáp án thứ 1',1),(9808,2463,'Đáp án thứ 2',1),(9809,2463,'Đáp án thứ 3',0),(9810,2463,'Đáp án thứ 4',0),(9811,2464,'Đáp án thứ 1',1),(9812,2464,'Đáp án thứ 2',0),(9813,2464,'Đáp án thứ 3',0),(9814,2464,'Đáp án thứ 4',0),(9815,2465,'Đáp án thứ 1',1),(9816,2465,'Đáp án thứ 2',0),(9817,2465,'Đáp án thứ 3',0),(9818,2465,'Đáp án thứ 4',0),(9819,2466,'Đáp án thứ 1',1),(9820,2466,'Đáp án thứ 2',1),(9821,2466,'Đáp án thứ 3',0),(9822,2466,'Đáp án thứ 4',0),(9823,2467,'Đáp án thứ 1',1),(9824,2467,'Đáp án thứ 2',1),(9825,2467,'Đáp án thứ 3',0),(9826,2467,'Đáp án thứ 4',0),(9827,2468,'Đáp án thứ 1',1),(9828,2468,'Đáp án thứ 2',0),(9829,2468,'Đáp án thứ 3',0),(9830,2468,'Đáp án thứ 4',0),(9831,2469,'Đáp án thứ 1',1),(9832,2469,'Đáp án thứ 2',1),(9833,2469,'Đáp án thứ 3',0),(9834,2469,'Đáp án thứ 4',0),(9835,2470,'Đáp án thứ 1',1),(9836,2470,'Đáp án thứ 2',0),(9837,2470,'Đáp án thứ 3',0),(9838,2470,'Đáp án thứ 4',0),(9839,2471,'Đáp án thứ 1',1),(9840,2471,'Đáp án thứ 2',1),(9841,2471,'Đáp án thứ 3',0),(9842,2471,'Đáp án thứ 4',0),(9843,2472,'Đáp án thứ 1',1),(9844,2472,'Đáp án thứ 2',0),(9845,2472,'Đáp án thứ 3',0),(9846,2472,'Đáp án thứ 4',0),(9847,2473,'Đáp án thứ 1',1),(9848,2473,'Đáp án thứ 2',0),(9849,2473,'Đáp án thứ 3',0),(9850,2473,'Đáp án thứ 4',0),(9851,2474,'Đáp án thứ 1',1),(9852,2474,'Đáp án thứ 2',0),(9853,2474,'Đáp án thứ 3',0),(9854,2474,'Đáp án thứ 4',0),(9855,2475,'Đáp án thứ 1',1),(9856,2475,'Đáp án thứ 2',0),(9857,2475,'Đáp án thứ 3',0),(9858,2475,'Đáp án thứ 4',0),(9859,2476,'Đáp án thứ 1',1),(9860,2476,'Đáp án thứ 2',0),(9861,2476,'Đáp án thứ 3',0),(9862,2476,'Đáp án thứ 4',0),(9863,2477,'Đáp án thứ 1',1),(9864,2477,'Đáp án thứ 2',1),(9865,2477,'Đáp án thứ 3',0),(9866,2477,'Đáp án thứ 4',0),(9867,2478,'Đáp án thứ 1',1),(9868,2478,'Đáp án thứ 2',0),(9869,2478,'Đáp án thứ 3',0),(9870,2478,'Đáp án thứ 4',0),(9871,2479,'Đáp án thứ 1',1),(9872,2479,'Đáp án thứ 2',0),(9873,2479,'Đáp án thứ 3',0),(9874,2479,'Đáp án thứ 4',0),(9875,2480,'Đáp án thứ 1',1),(9876,2480,'Đáp án thứ 2',0),(9877,2480,'Đáp án thứ 3',0),(9878,2480,'Đáp án thứ 4',0),(9879,2481,'Đáp án thứ 1',1),(9880,2481,'Đáp án thứ 2',0),(9881,2481,'Đáp án thứ 3',0),(9882,2481,'Đáp án thứ 4',0),(9883,2482,'Đáp án thứ 1',1),(9884,2482,'Đáp án thứ 2',0),(9885,2482,'Đáp án thứ 3',0),(9886,2482,'Đáp án thứ 4',0),(9887,2483,'Đáp án thứ 1',1),(9888,2483,'Đáp án thứ 2',0),(9889,2483,'Đáp án thứ 3',0),(9890,2483,'Đáp án thứ 4',0),(9891,2484,'Đáp án thứ 1',1),(9892,2484,'Đáp án thứ 2',0),(9893,2484,'Đáp án thứ 3',0),(9894,2484,'Đáp án thứ 4',0),(9895,2485,'Đáp án thứ 1',1),(9896,2485,'Đáp án thứ 2',1),(9897,2485,'Đáp án thứ 3',0),(9898,2485,'Đáp án thứ 4',0),(9899,2486,'Đáp án thứ 1',1),(9900,2486,'Đáp án thứ 2',1),(9901,2486,'Đáp án thứ 3',0),(9902,2486,'Đáp án thứ 4',0),(9903,2487,'Đáp án thứ 1',1),(9904,2487,'Đáp án thứ 2',0),(9905,2487,'Đáp án thứ 3',0),(9906,2487,'Đáp án thứ 4',0),(9907,2488,'Đáp án thứ 1',1),(9908,2488,'Đáp án thứ 2',0),(9909,2488,'Đáp án thứ 3',0),(9910,2488,'Đáp án thứ 4',0),(9911,2489,'Đáp án thứ 1',1),(9912,2489,'Đáp án thứ 2',0),(9913,2489,'Đáp án thứ 3',0),(9914,2489,'Đáp án thứ 4',0),(9915,2490,'Đáp án thứ 1',1),(9916,2490,'Đáp án thứ 2',1),(9917,2490,'Đáp án thứ 3',0),(9918,2490,'Đáp án thứ 4',0),(9919,2491,'Đáp án thứ 1',1),(9920,2491,'Đáp án thứ 2',0),(9921,2491,'Đáp án thứ 3',0),(9922,2491,'Đáp án thứ 4',0),(9923,2492,'Đáp án thứ 1',1),(9924,2492,'Đáp án thứ 2',0),(9925,2492,'Đáp án thứ 3',0),(9926,2492,'Đáp án thứ 4',0),(9927,2493,'Đáp án thứ 1',1),(9928,2493,'Đáp án thứ 2',0),(9929,2493,'Đáp án thứ 3',0),(9930,2493,'Đáp án thứ 4',0),(9931,2494,'Đáp án thứ 1',1),(9932,2494,'Đáp án thứ 2',1),(9933,2494,'Đáp án thứ 3',0),(9934,2494,'Đáp án thứ 4',0),(9935,2495,'Đáp án thứ 1',1),(9936,2495,'Đáp án thứ 2',0),(9937,2495,'Đáp án thứ 3',0),(9938,2495,'Đáp án thứ 4',0),(9939,2496,'Đáp án thứ 1',1),(9940,2496,'Đáp án thứ 2',1),(9941,2496,'Đáp án thứ 3',0),(9942,2496,'Đáp án thứ 4',0),(9943,2497,'Đáp án thứ 1',1),(9944,2497,'Đáp án thứ 2',0),(9945,2497,'Đáp án thứ 3',0),(9946,2497,'Đáp án thứ 4',0),(9947,2498,'Đáp án thứ 1',1),(9948,2498,'Đáp án thứ 2',0),(9949,2498,'Đáp án thứ 3',0),(9950,2498,'Đáp án thứ 4',0),(9951,2499,'Đáp án thứ 1',1),(9952,2499,'Đáp án thứ 2',0),(9953,2499,'Đáp án thứ 3',0),(9954,2499,'Đáp án thứ 4',0),(9955,2500,'Đáp án thứ 1',1),(9956,2500,'Đáp án thứ 2',1),(9957,2500,'Đáp án thứ 3',0),(9958,2500,'Đáp án thứ 4',0),(9959,2501,'Đáp án thứ 1',1),(9960,2501,'Đáp án thứ 2',1),(9961,2501,'Đáp án thứ 3',0),(9962,2501,'Đáp án thứ 4',0),(9963,2502,'Đáp án thứ 1',1),(9964,2502,'Đáp án thứ 2',1),(9965,2502,'Đáp án thứ 3',0),(9966,2502,'Đáp án thứ 4',0),(9967,2503,'Đáp án thứ 1',1),(9968,2503,'Đáp án thứ 2',0),(9969,2503,'Đáp án thứ 3',0),(9970,2503,'Đáp án thứ 4',0),(9971,2504,'Đáp án thứ 1',1),(9972,2504,'Đáp án thứ 2',0),(9973,2504,'Đáp án thứ 3',0),(9974,2504,'Đáp án thứ 4',0),(9975,2505,'Đáp án thứ 1',1),(9976,2505,'Đáp án thứ 2',0),(9977,2505,'Đáp án thứ 3',0),(9978,2505,'Đáp án thứ 4',0),(9979,2506,'Đáp án thứ 1',1),(9980,2506,'Đáp án thứ 2',1),(9981,2506,'Đáp án thứ 3',0),(9982,2506,'Đáp án thứ 4',0),(9983,2507,'Đáp án thứ 1',1),(9984,2507,'Đáp án thứ 2',1),(9985,2507,'Đáp án thứ 3',0),(9986,2507,'Đáp án thứ 4',0),(9987,2508,'Đáp án thứ 1',1),(9988,2508,'Đáp án thứ 2',0),(9989,2508,'Đáp án thứ 3',0),(9990,2508,'Đáp án thứ 4',0),(9991,2509,'Đáp án thứ 1',1),(9992,2509,'Đáp án thứ 2',1),(9993,2509,'Đáp án thứ 3',0),(9994,2509,'Đáp án thứ 4',0),(9995,2510,'Đáp án thứ 1',1),(9996,2510,'Đáp án thứ 2',1),(9997,2510,'Đáp án thứ 3',0),(9998,2510,'Đáp án thứ 4',0),(9999,2511,'Đáp án thứ 1',1),(10000,2511,'Đáp án thứ 2',0),(10001,2511,'Đáp án thứ 3',0),(10002,2511,'Đáp án thứ 4',0),(10003,2512,'Đáp án thứ 1',1),(10004,2512,'Đáp án thứ 2',0),(10005,2512,'Đáp án thứ 3',0),(10006,2512,'Đáp án thứ 4',0),(10007,2513,'Đáp án thứ 1',1),(10008,2513,'Đáp án thứ 2',0),(10009,2513,'Đáp án thứ 3',0),(10010,2513,'Đáp án thứ 4',0),(10011,2514,'Đáp án thứ 1',1),(10012,2514,'Đáp án thứ 2',0),(10013,2514,'Đáp án thứ 3',0),(10014,2514,'Đáp án thứ 4',0),(10015,2515,'Đáp án thứ 1',1),(10016,2515,'Đáp án thứ 2',0),(10017,2515,'Đáp án thứ 3',0),(10018,2515,'Đáp án thứ 4',0),(10019,2516,'Đáp án thứ 1',1),(10020,2516,'Đáp án thứ 2',0),(10021,2516,'Đáp án thứ 3',0),(10022,2516,'Đáp án thứ 4',0),(10023,2517,'Đáp án thứ 1',1),(10024,2517,'Đáp án thứ 2',0),(10025,2517,'Đáp án thứ 3',0),(10026,2517,'Đáp án thứ 4',0),(10027,2518,'Đáp án thứ 1',1),(10028,2518,'Đáp án thứ 2',1),(10029,2518,'Đáp án thứ 3',0),(10030,2518,'Đáp án thứ 4',0),(10031,2519,'Đáp án thứ 1',1),(10032,2519,'Đáp án thứ 2',0),(10033,2519,'Đáp án thứ 3',0),(10034,2519,'Đáp án thứ 4',0),(10035,2520,'Đáp án thứ 1',1),(10036,2520,'Đáp án thứ 2',1),(10037,2520,'Đáp án thứ 3',0),(10038,2520,'Đáp án thứ 4',0),(10039,2521,'Đáp án thứ 1',1),(10040,2521,'Đáp án thứ 2',0),(10041,2521,'Đáp án thứ 3',0),(10042,2521,'Đáp án thứ 4',0),(10043,2522,'Đáp án thứ 1',1),(10044,2522,'Đáp án thứ 2',0),(10045,2522,'Đáp án thứ 3',0),(10046,2522,'Đáp án thứ 4',0),(10047,2523,'Đáp án thứ 1',1),(10048,2523,'Đáp án thứ 2',0),(10049,2523,'Đáp án thứ 3',0),(10050,2523,'Đáp án thứ 4',0),(10051,2524,'Đáp án thứ 1',1),(10052,2524,'Đáp án thứ 2',0),(10053,2524,'Đáp án thứ 3',0),(10054,2524,'Đáp án thứ 4',0),(10055,2525,'Đáp án thứ 1',1),(10056,2525,'Đáp án thứ 2',1),(10057,2525,'Đáp án thứ 3',0),(10058,2525,'Đáp án thứ 4',0),(10059,2526,'Đáp án thứ 1',1),(10060,2526,'Đáp án thứ 2',0),(10061,2526,'Đáp án thứ 3',0),(10062,2526,'Đáp án thứ 4',0),(10063,2527,'Đáp án thứ 1',1),(10064,2527,'Đáp án thứ 2',0),(10065,2527,'Đáp án thứ 3',0),(10066,2527,'Đáp án thứ 4',0),(10067,2528,'Đáp án thứ 1',1),(10068,2528,'Đáp án thứ 2',1),(10069,2528,'Đáp án thứ 3',0),(10070,2528,'Đáp án thứ 4',0),(10071,2529,'Đáp án thứ 1',1),(10072,2529,'Đáp án thứ 2',0),(10073,2529,'Đáp án thứ 3',0),(10074,2529,'Đáp án thứ 4',0),(10075,2530,'Đáp án thứ 1',1),(10076,2530,'Đáp án thứ 2',0),(10077,2530,'Đáp án thứ 3',0),(10078,2530,'Đáp án thứ 4',0),(10079,2531,'Đáp án thứ 1',1),(10080,2531,'Đáp án thứ 2',0),(10081,2531,'Đáp án thứ 3',0),(10082,2531,'Đáp án thứ 4',0),(10083,2532,'Đáp án thứ 1',1),(10084,2532,'Đáp án thứ 2',1),(10085,2532,'Đáp án thứ 3',0),(10086,2532,'Đáp án thứ 4',0),(10087,2533,'Đáp án thứ 1',1),(10088,2533,'Đáp án thứ 2',0),(10089,2533,'Đáp án thứ 3',0),(10090,2533,'Đáp án thứ 4',0),(10091,2534,'Đáp án thứ 1',1),(10092,2534,'Đáp án thứ 2',0),(10093,2534,'Đáp án thứ 3',0),(10094,2534,'Đáp án thứ 4',0),(10095,2535,'Đáp án thứ 1',1),(10096,2535,'Đáp án thứ 2',0),(10097,2535,'Đáp án thứ 3',0),(10098,2535,'Đáp án thứ 4',0),(10099,2536,'Đáp án thứ 1',1),(10100,2536,'Đáp án thứ 2',0),(10101,2536,'Đáp án thứ 3',0),(10102,2536,'Đáp án thứ 4',0),(10103,2537,'Đáp án thứ 1',1),(10104,2537,'Đáp án thứ 2',0),(10105,2537,'Đáp án thứ 3',0),(10106,2537,'Đáp án thứ 4',0),(10107,2538,'Đáp án thứ 1',1),(10108,2538,'Đáp án thứ 2',1),(10109,2538,'Đáp án thứ 3',0),(10110,2538,'Đáp án thứ 4',0),(10111,2539,'Đáp án thứ 1',1),(10112,2539,'Đáp án thứ 2',0),(10113,2539,'Đáp án thứ 3',0),(10114,2539,'Đáp án thứ 4',0),(10115,2540,'Đáp án thứ 1',1),(10116,2540,'Đáp án thứ 2',0),(10117,2540,'Đáp án thứ 3',0),(10118,2540,'Đáp án thứ 4',0),(10119,2541,'Đáp án thứ 1',1),(10120,2541,'Đáp án thứ 2',0),(10121,2541,'Đáp án thứ 3',0),(10122,2541,'Đáp án thứ 4',0),(10123,2542,'Đáp án thứ 1',1),(10124,2542,'Đáp án thứ 2',0),(10125,2542,'Đáp án thứ 3',0),(10126,2542,'Đáp án thứ 4',0),(10127,2543,'Đáp án thứ 1',1),(10128,2543,'Đáp án thứ 2',0),(10129,2543,'Đáp án thứ 3',0),(10130,2543,'Đáp án thứ 4',0),(10131,2544,'Đáp án thứ 1',1),(10132,2544,'Đáp án thứ 2',0),(10133,2544,'Đáp án thứ 3',0),(10134,2544,'Đáp án thứ 4',0),(10135,2545,'Đáp án thứ 1',1),(10136,2545,'Đáp án thứ 2',0),(10137,2545,'Đáp án thứ 3',0),(10138,2545,'Đáp án thứ 4',0),(10139,2546,'Đáp án thứ 1',1),(10140,2546,'Đáp án thứ 2',0),(10141,2546,'Đáp án thứ 3',0),(10142,2546,'Đáp án thứ 4',0),(10143,2547,'Đáp án thứ 1',1),(10144,2547,'Đáp án thứ 2',1),(10145,2547,'Đáp án thứ 3',0),(10146,2547,'Đáp án thứ 4',0),(10147,2548,'Đáp án thứ 1',1),(10148,2548,'Đáp án thứ 2',0),(10149,2548,'Đáp án thứ 3',0),(10150,2548,'Đáp án thứ 4',0),(10151,2549,'Đáp án thứ 1',1),(10152,2549,'Đáp án thứ 2',0),(10153,2549,'Đáp án thứ 3',0),(10154,2549,'Đáp án thứ 4',0),(10155,2550,'Đáp án thứ 1',1),(10156,2550,'Đáp án thứ 2',0),(10157,2550,'Đáp án thứ 3',0),(10158,2550,'Đáp án thứ 4',0),(10159,2551,'Đáp án thứ 1',1),(10160,2551,'Đáp án thứ 2',0),(10161,2551,'Đáp án thứ 3',0),(10162,2551,'Đáp án thứ 4',0),(10163,2552,'Đáp án thứ 1',1),(10164,2552,'Đáp án thứ 2',0),(10165,2552,'Đáp án thứ 3',0),(10166,2552,'Đáp án thứ 4',0),(10167,2553,'Đáp án thứ 1',1),(10168,2553,'Đáp án thứ 2',1),(10169,2553,'Đáp án thứ 3',0),(10170,2553,'Đáp án thứ 4',0),(10171,2554,'Đáp án thứ 1',1),(10172,2554,'Đáp án thứ 2',0),(10173,2554,'Đáp án thứ 3',0),(10174,2554,'Đáp án thứ 4',0),(10175,2555,'Đáp án thứ 1',1),(10176,2555,'Đáp án thứ 2',0),(10177,2555,'Đáp án thứ 3',0),(10178,2555,'Đáp án thứ 4',0),(10179,2556,'Đáp án thứ 1',1),(10180,2556,'Đáp án thứ 2',0),(10181,2556,'Đáp án thứ 3',0),(10182,2556,'Đáp án thứ 4',0),(10183,2557,'Đáp án thứ 1',1),(10184,2557,'Đáp án thứ 2',1),(10185,2557,'Đáp án thứ 3',0),(10186,2557,'Đáp án thứ 4',0),(10187,2558,'Đáp án thứ 1',1),(10188,2558,'Đáp án thứ 2',0),(10189,2558,'Đáp án thứ 3',0),(10190,2558,'Đáp án thứ 4',0),(10191,2559,'Đáp án thứ 1',1),(10192,2559,'Đáp án thứ 2',0),(10193,2559,'Đáp án thứ 3',0),(10194,2559,'Đáp án thứ 4',0),(10195,2560,'Đáp án thứ 1',1),(10196,2560,'Đáp án thứ 2',0),(10197,2560,'Đáp án thứ 3',0),(10198,2560,'Đáp án thứ 4',0),(10199,2561,'Đáp án thứ 1',1),(10200,2561,'Đáp án thứ 2',0),(10201,2561,'Đáp án thứ 3',0),(10202,2561,'Đáp án thứ 4',0),(10203,2562,'Đáp án thứ 1',1),(10204,2562,'Đáp án thứ 2',0),(10205,2562,'Đáp án thứ 3',0),(10206,2562,'Đáp án thứ 4',0),(10207,2563,'Đáp án thứ 1',1),(10208,2563,'Đáp án thứ 2',1),(10209,2563,'Đáp án thứ 3',0),(10210,2563,'Đáp án thứ 4',0),(10211,2564,'Đáp án thứ 1',1),(10212,2564,'Đáp án thứ 2',0),(10213,2564,'Đáp án thứ 3',0),(10214,2564,'Đáp án thứ 4',0),(10215,2565,'Đáp án thứ 1',1),(10216,2565,'Đáp án thứ 2',0),(10217,2565,'Đáp án thứ 3',0),(10218,2565,'Đáp án thứ 4',0),(10219,2566,'Đáp án thứ 1',1),(10220,2566,'Đáp án thứ 2',1),(10221,2566,'Đáp án thứ 3',0),(10222,2566,'Đáp án thứ 4',0),(10223,2567,'Đáp án thứ 1',1),(10224,2567,'Đáp án thứ 2',0),(10225,2567,'Đáp án thứ 3',0),(10226,2567,'Đáp án thứ 4',0),(10227,2568,'Đáp án thứ 1',1),(10228,2568,'Đáp án thứ 2',0),(10229,2568,'Đáp án thứ 3',0),(10230,2568,'Đáp án thứ 4',0),(10231,2569,'Đáp án thứ 1',1),(10232,2569,'Đáp án thứ 2',0),(10233,2569,'Đáp án thứ 3',0),(10234,2569,'Đáp án thứ 4',0),(10235,2570,'Đáp án thứ 1',1),(10236,2570,'Đáp án thứ 2',0),(10237,2570,'Đáp án thứ 3',0),(10238,2570,'Đáp án thứ 4',0),(10239,2571,'Đáp án thứ 1',1),(10240,2571,'Đáp án thứ 2',0),(10241,2571,'Đáp án thứ 3',0),(10242,2571,'Đáp án thứ 4',0),(10243,2572,'Đáp án thứ 1',1),(10244,2572,'Đáp án thứ 2',0),(10245,2572,'Đáp án thứ 3',0),(10246,2572,'Đáp án thứ 4',0),(10247,2573,'Đáp án thứ 1',1),(10248,2573,'Đáp án thứ 2',1),(10249,2573,'Đáp án thứ 3',0),(10250,2573,'Đáp án thứ 4',0),(10251,2574,'Đáp án thứ 1',1),(10252,2574,'Đáp án thứ 2',0),(10253,2574,'Đáp án thứ 3',0),(10254,2574,'Đáp án thứ 4',0),(10255,2575,'Đáp án thứ 1',1),(10256,2575,'Đáp án thứ 2',0),(10257,2575,'Đáp án thứ 3',0),(10258,2575,'Đáp án thứ 4',0),(10259,2576,'Đáp án thứ 1',1),(10260,2576,'Đáp án thứ 2',1),(10261,2576,'Đáp án thứ 3',0),(10262,2576,'Đáp án thứ 4',0),(10263,2577,'Đáp án thứ 1',1),(10264,2577,'Đáp án thứ 2',1),(10265,2577,'Đáp án thứ 3',0),(10266,2577,'Đáp án thứ 4',0),(10267,2578,'Đáp án thứ 1',1),(10268,2578,'Đáp án thứ 2',0),(10269,2578,'Đáp án thứ 3',0),(10270,2578,'Đáp án thứ 4',0),(10271,2579,'Đáp án thứ 1',1),(10272,2579,'Đáp án thứ 2',1),(10273,2579,'Đáp án thứ 3',0),(10274,2579,'Đáp án thứ 4',0),(10275,2580,'Đáp án thứ 1',1),(10276,2580,'Đáp án thứ 2',1),(10277,2580,'Đáp án thứ 3',0),(10278,2580,'Đáp án thứ 4',0),(10279,2581,'Đáp án thứ 1',1),(10280,2581,'Đáp án thứ 2',1),(10281,2581,'Đáp án thứ 3',0),(10282,2581,'Đáp án thứ 4',0),(10283,2582,'Đáp án thứ 1',1),(10284,2582,'Đáp án thứ 2',0),(10285,2582,'Đáp án thứ 3',0),(10286,2582,'Đáp án thứ 4',0),(10287,2583,'Đáp án thứ 1',1),(10288,2583,'Đáp án thứ 2',0),(10289,2583,'Đáp án thứ 3',0),(10290,2583,'Đáp án thứ 4',0),(10291,2584,'Đáp án thứ 1',1),(10292,2584,'Đáp án thứ 2',0),(10293,2584,'Đáp án thứ 3',0),(10294,2584,'Đáp án thứ 4',0),(10295,2585,'Đáp án thứ 1',1),(10296,2585,'Đáp án thứ 2',1),(10297,2585,'Đáp án thứ 3',0),(10298,2585,'Đáp án thứ 4',0),(10299,2586,'Đáp án thứ 1',1),(10300,2586,'Đáp án thứ 2',0),(10301,2586,'Đáp án thứ 3',0),(10302,2586,'Đáp án thứ 4',0),(10303,2587,'Đáp án thứ 1',1),(10304,2587,'Đáp án thứ 2',1),(10305,2587,'Đáp án thứ 3',0),(10306,2587,'Đáp án thứ 4',0),(10307,2588,'Đáp án thứ 1',1),(10308,2588,'Đáp án thứ 2',1),(10309,2588,'Đáp án thứ 3',0),(10310,2588,'Đáp án thứ 4',0),(10311,2589,'Đáp án thứ 1',1),(10312,2589,'Đáp án thứ 2',0),(10313,2589,'Đáp án thứ 3',0),(10314,2589,'Đáp án thứ 4',0),(10315,2590,'Đáp án thứ 1',1),(10316,2590,'Đáp án thứ 2',0),(10317,2590,'Đáp án thứ 3',0),(10318,2590,'Đáp án thứ 4',0),(10319,2591,'Đáp án thứ 1',1),(10320,2591,'Đáp án thứ 2',0),(10321,2591,'Đáp án thứ 3',0),(10322,2591,'Đáp án thứ 4',0),(10323,2592,'Đáp án thứ 1',1),(10324,2592,'Đáp án thứ 2',0),(10325,2592,'Đáp án thứ 3',0),(10326,2592,'Đáp án thứ 4',0),(10327,2593,'Đáp án thứ 1',1),(10328,2593,'Đáp án thứ 2',0),(10329,2593,'Đáp án thứ 3',0),(10330,2593,'Đáp án thứ 4',0),(10331,2594,'Đáp án thứ 1',1),(10332,2594,'Đáp án thứ 2',0),(10333,2594,'Đáp án thứ 3',0),(10334,2594,'Đáp án thứ 4',0),(10335,2595,'Đáp án thứ 1',1),(10336,2595,'Đáp án thứ 2',0),(10337,2595,'Đáp án thứ 3',0),(10338,2595,'Đáp án thứ 4',0),(10339,2596,'Đáp án thứ 1',1),(10340,2596,'Đáp án thứ 2',1),(10341,2596,'Đáp án thứ 3',0),(10342,2596,'Đáp án thứ 4',0),(10343,2597,'Đáp án thứ 1',1),(10344,2597,'Đáp án thứ 2',0),(10345,2597,'Đáp án thứ 3',0),(10346,2597,'Đáp án thứ 4',0),(10347,2598,'Đáp án thứ 1',1),(10348,2598,'Đáp án thứ 2',0),(10349,2598,'Đáp án thứ 3',0),(10350,2598,'Đáp án thứ 4',0),(10351,2599,'Đáp án thứ 1',1),(10352,2599,'Đáp án thứ 2',1),(10353,2599,'Đáp án thứ 3',0),(10354,2599,'Đáp án thứ 4',0),(10355,2600,'Đáp án thứ 1',1),(10356,2600,'Đáp án thứ 2',0),(10357,2600,'Đáp án thứ 3',0),(10358,2600,'Đáp án thứ 4',0),(10359,2601,'Đáp án thứ 1',1),(10360,2601,'Đáp án thứ 2',0),(10361,2601,'Đáp án thứ 3',0),(10362,2601,'Đáp án thứ 4',0),(10363,2602,'Đáp án thứ 1',1),(10364,2602,'Đáp án thứ 2',1),(10365,2602,'Đáp án thứ 3',0),(10366,2602,'Đáp án thứ 4',0),(10367,2603,'Đáp án thứ 1',1),(10368,2603,'Đáp án thứ 2',0),(10369,2603,'Đáp án thứ 3',0),(10370,2603,'Đáp án thứ 4',0),(10371,2604,'Đáp án thứ 1',1),(10372,2604,'Đáp án thứ 2',0),(10373,2604,'Đáp án thứ 3',0),(10374,2604,'Đáp án thứ 4',0),(10375,2605,'Đáp án thứ 1',1),(10376,2605,'Đáp án thứ 2',0),(10377,2605,'Đáp án thứ 3',0),(10378,2605,'Đáp án thứ 4',0),(10379,2606,'Đáp án thứ 1',1),(10380,2606,'Đáp án thứ 2',0),(10381,2606,'Đáp án thứ 3',0),(10382,2606,'Đáp án thứ 4',0),(10383,2607,'Đáp án thứ 1',1),(10384,2607,'Đáp án thứ 2',0),(10385,2607,'Đáp án thứ 3',0),(10386,2607,'Đáp án thứ 4',0),(10387,2608,'Đáp án thứ 1',1),(10388,2608,'Đáp án thứ 2',1),(10389,2608,'Đáp án thứ 3',0),(10390,2608,'Đáp án thứ 4',0),(10391,2609,'Đáp án thứ 1',1),(10392,2609,'Đáp án thứ 2',0),(10393,2609,'Đáp án thứ 3',0),(10394,2609,'Đáp án thứ 4',0),(10395,2610,'Đáp án thứ 1',1),(10396,2610,'Đáp án thứ 2',0),(10397,2610,'Đáp án thứ 3',0),(10398,2610,'Đáp án thứ 4',0),(10399,2611,'Đáp án thứ 1',1),(10400,2611,'Đáp án thứ 2',0),(10401,2611,'Đáp án thứ 3',0),(10402,2611,'Đáp án thứ 4',0),(10403,2612,'Đáp án thứ 1',1),(10404,2612,'Đáp án thứ 2',0),(10405,2612,'Đáp án thứ 3',0),(10406,2612,'Đáp án thứ 4',0),(10407,2613,'Đáp án thứ 1',1),(10408,2613,'Đáp án thứ 2',1),(10409,2613,'Đáp án thứ 3',0),(10410,2613,'Đáp án thứ 4',0),(10411,2614,'Đáp án thứ 1',1),(10412,2614,'Đáp án thứ 2',0),(10413,2614,'Đáp án thứ 3',0),(10414,2614,'Đáp án thứ 4',0),(10415,2615,'Đáp án thứ 1',1),(10416,2615,'Đáp án thứ 2',0),(10417,2615,'Đáp án thứ 3',0),(10418,2615,'Đáp án thứ 4',0),(10419,2616,'Đáp án thứ 1',1),(10420,2616,'Đáp án thứ 2',0),(10421,2616,'Đáp án thứ 3',0),(10422,2616,'Đáp án thứ 4',0),(10431,2619,'Đáp án thứ 1',1),(10432,2619,'Đáp án thứ 2',1),(10433,2619,'Đáp án thứ 3',0),(10434,2619,'Đáp án thứ 4',0),(10435,2620,'Đáp án thứ 1',1),(10436,2620,'Đáp án thứ 2',0),(10437,2620,'Đáp án thứ 3',0),(10438,2620,'Đáp án thứ 4',0),(10439,2621,'Đáp án thứ 1',1),(10440,2621,'Đáp án thứ 2',0),(10441,2621,'Đáp án thứ 3',0),(10442,2621,'Đáp án thứ 4',0),(10443,2622,'Đáp án thứ 1',1),(10444,2622,'Đáp án thứ 2',0),(10445,2622,'Đáp án thứ 3',0),(10446,2622,'Đáp án thứ 4',0),(10447,2623,'Đáp án thứ 1',1),(10448,2623,'Đáp án thứ 2',0),(10449,2623,'Đáp án thứ 3',0),(10450,2623,'Đáp án thứ 4',0),(10451,2624,'Đáp án thứ 1',1),(10452,2624,'Đáp án thứ 2',0),(10453,2624,'Đáp án thứ 3',0),(10454,2624,'Đáp án thứ 4',0),(10455,2625,'Đáp án thứ 1',1),(10456,2625,'Đáp án thứ 2',1),(10457,2625,'Đáp án thứ 3',0),(10458,2625,'Đáp án thứ 4',0),(10459,2626,'Đáp án thứ 1',1),(10460,2626,'Đáp án thứ 2',1),(10461,2626,'Đáp án thứ 3',0),(10462,2626,'Đáp án thứ 4',0),(10463,2627,'Đáp án thứ 1',1),(10464,2627,'Đáp án thứ 2',0),(10465,2627,'Đáp án thứ 3',0),(10466,2627,'Đáp án thứ 4',0),(10467,2628,'Đáp án thứ 1',1),(10468,2628,'Đáp án thứ 2',1),(10469,2628,'Đáp án thứ 3',0),(10470,2628,'Đáp án thứ 4',0),(10471,2629,'Đáp án thứ 1',1),(10472,2629,'Đáp án thứ 2',1),(10473,2629,'Đáp án thứ 3',0),(10474,2629,'Đáp án thứ 4',0),(10475,2630,'Đáp án thứ 1',1),(10476,2630,'Đáp án thứ 2',0),(10477,2630,'Đáp án thứ 3',0),(10478,2630,'Đáp án thứ 4',0),(10479,2631,'Đáp án thứ 1',1),(10480,2631,'Đáp án thứ 2',0),(10481,2631,'Đáp án thứ 3',0),(10482,2631,'Đáp án thứ 4',0),(10483,2632,'Đáp án thứ 1',1),(10484,2632,'Đáp án thứ 2',1),(10485,2632,'Đáp án thứ 3',0),(10486,2632,'Đáp án thứ 4',0),(10487,2633,'Đáp án thứ 1',1),(10488,2633,'Đáp án thứ 2',1),(10489,2633,'Đáp án thứ 3',0),(10490,2633,'Đáp án thứ 4',0),(10491,2634,'Đáp án thứ 1',1),(10492,2634,'Đáp án thứ 2',1),(10493,2634,'Đáp án thứ 3',0),(10494,2634,'Đáp án thứ 4',0),(10495,2635,'Đáp án thứ 1',1),(10496,2635,'Đáp án thứ 2',0),(10497,2635,'Đáp án thứ 3',0),(10498,2635,'Đáp án thứ 4',0),(10499,2636,'Đáp án thứ 1',1),(10500,2636,'Đáp án thứ 2',1),(10501,2636,'Đáp án thứ 3',0),(10502,2636,'Đáp án thứ 4',0),(10503,2637,'Đáp án thứ 1',1),(10504,2637,'Đáp án thứ 2',0),(10505,2637,'Đáp án thứ 3',0),(10506,2637,'Đáp án thứ 4',0),(10507,2638,'Đáp án thứ 1',1),(10508,2638,'Đáp án thứ 2',0),(10509,2638,'Đáp án thứ 3',0),(10510,2638,'Đáp án thứ 4',0),(10511,2639,'Đáp án thứ 1',1),(10512,2639,'Đáp án thứ 2',0),(10513,2639,'Đáp án thứ 3',0),(10514,2639,'Đáp án thứ 4',0),(10515,2640,'Đáp án thứ 1',1),(10516,2640,'Đáp án thứ 2',0),(10517,2640,'Đáp án thứ 3',0),(10518,2640,'Đáp án thứ 4',0),(10519,2641,'Đáp án thứ 1',1),(10520,2641,'Đáp án thứ 2',1),(10521,2641,'Đáp án thứ 3',0),(10522,2641,'Đáp án thứ 4',0),(10523,2642,'Đáp án thứ 1',1),(10524,2642,'Đáp án thứ 2',0),(10525,2642,'Đáp án thứ 3',0),(10526,2642,'Đáp án thứ 4',0),(10527,2643,'Đáp án thứ 1',1),(10528,2643,'Đáp án thứ 2',0),(10529,2643,'Đáp án thứ 3',0),(10530,2643,'Đáp án thứ 4',0),(10531,2644,'Đáp án thứ 1',1),(10532,2644,'Đáp án thứ 2',1),(10533,2644,'Đáp án thứ 3',0),(10534,2644,'Đáp án thứ 4',0),(10535,2645,'Đáp án thứ 1',1),(10536,2645,'Đáp án thứ 2',0),(10537,2645,'Đáp án thứ 3',0),(10538,2645,'Đáp án thứ 4',0),(10539,2646,'Đáp án thứ 1',1),(10540,2646,'Đáp án thứ 2',0),(10541,2646,'Đáp án thứ 3',0),(10542,2646,'Đáp án thứ 4',0),(10543,2647,'Đáp án thứ 1',1),(10544,2647,'Đáp án thứ 2',0),(10545,2647,'Đáp án thứ 3',0),(10546,2647,'Đáp án thứ 4',0),(10547,2648,'Đáp án thứ 1',1),(10548,2648,'Đáp án thứ 2',0),(10549,2648,'Đáp án thứ 3',0),(10550,2648,'Đáp án thứ 4',0),(10551,2649,'Đáp án thứ 1',1),(10552,2649,'Đáp án thứ 2',1),(10553,2649,'Đáp án thứ 3',0),(10554,2649,'Đáp án thứ 4',0),(10555,2650,'Đáp án thứ 1',1),(10556,2650,'Đáp án thứ 2',1),(10557,2650,'Đáp án thứ 3',0),(10558,2650,'Đáp án thứ 4',0),(10559,2651,'Đáp án thứ 1',1),(10560,2651,'Đáp án thứ 2',0),(10561,2651,'Đáp án thứ 3',0),(10562,2651,'Đáp án thứ 4',0),(10563,2652,'Đáp án thứ 1',1),(10564,2652,'Đáp án thứ 2',0),(10565,2652,'Đáp án thứ 3',0),(10566,2652,'Đáp án thứ 4',0),(10567,2653,'Đáp án thứ 1',1),(10568,2653,'Đáp án thứ 2',0),(10569,2653,'Đáp án thứ 3',0),(10570,2653,'Đáp án thứ 4',0),(10571,2654,'Đáp án thứ 1',1),(10572,2654,'Đáp án thứ 2',1),(10573,2654,'Đáp án thứ 3',0),(10574,2654,'Đáp án thứ 4',0),(10575,2655,'Đáp án thứ 1',1),(10576,2655,'Đáp án thứ 2',0),(10577,2655,'Đáp án thứ 3',0),(10578,2655,'Đáp án thứ 4',0),(10579,2656,'Đáp án thứ 1',1),(10580,2656,'Đáp án thứ 2',0),(10581,2656,'Đáp án thứ 3',0),(10582,2656,'Đáp án thứ 4',0),(10583,2657,'Đáp án thứ 1',1),(10584,2657,'Đáp án thứ 2',1),(10585,2657,'Đáp án thứ 3',0),(10586,2657,'Đáp án thứ 4',0),(10587,2658,'Đáp án thứ 1',1),(10588,2658,'Đáp án thứ 2',1),(10589,2658,'Đáp án thứ 3',0),(10590,2658,'Đáp án thứ 4',0),(10591,2659,'Đáp án thứ 1',1),(10592,2659,'Đáp án thứ 2',0),(10593,2659,'Đáp án thứ 3',0),(10594,2659,'Đáp án thứ 4',0),(10595,2660,'Đáp án thứ 1',1),(10596,2660,'Đáp án thứ 2',0),(10597,2660,'Đáp án thứ 3',0),(10598,2660,'Đáp án thứ 4',0),(10599,2661,'Đáp án thứ 1',1),(10600,2661,'Đáp án thứ 2',0),(10601,2661,'Đáp án thứ 3',0),(10602,2661,'Đáp án thứ 4',0),(10603,2662,'Đáp án thứ 1',1),(10604,2662,'Đáp án thứ 2',0),(10605,2662,'Đáp án thứ 3',0),(10606,2662,'Đáp án thứ 4',0),(10607,2663,'Đáp án thứ 1',1),(10608,2663,'Đáp án thứ 2',1),(10609,2663,'Đáp án thứ 3',0),(10610,2663,'Đáp án thứ 4',0),(10611,2664,'Đáp án thứ 1',1),(10612,2664,'Đáp án thứ 2',1),(10613,2664,'Đáp án thứ 3',0),(10614,2664,'Đáp án thứ 4',0),(10615,2665,'Đáp án thứ 1',1),(10616,2665,'Đáp án thứ 2',1),(10617,2665,'Đáp án thứ 3',0),(10618,2665,'Đáp án thứ 4',0),(10619,2666,'Đáp án thứ 1',1),(10620,2666,'Đáp án thứ 2',1),(10621,2666,'Đáp án thứ 3',0),(10622,2666,'Đáp án thứ 4',0),(10623,2667,'Đáp án thứ 1',1),(10624,2667,'Đáp án thứ 2',0),(10625,2667,'Đáp án thứ 3',0),(10626,2667,'Đáp án thứ 4',0),(10627,2668,'Đáp án thứ 1',1),(10628,2668,'Đáp án thứ 2',1),(10629,2668,'Đáp án thứ 3',0),(10630,2668,'Đáp án thứ 4',0),(10631,2669,'Đáp án thứ 1',1),(10632,2669,'Đáp án thứ 2',0),(10633,2669,'Đáp án thứ 3',0),(10634,2669,'Đáp án thứ 4',0),(10635,2670,'Đáp án thứ 1',1),(10636,2670,'Đáp án thứ 2',1),(10637,2670,'Đáp án thứ 3',0),(10638,2670,'Đáp án thứ 4',0),(10639,2671,'Đáp án thứ 1',1),(10640,2671,'Đáp án thứ 2',0),(10641,2671,'Đáp án thứ 3',0),(10642,2671,'Đáp án thứ 4',0),(10643,2672,'Đáp án thứ 1',1),(10644,2672,'Đáp án thứ 2',0),(10645,2672,'Đáp án thứ 3',0),(10646,2672,'Đáp án thứ 4',0),(10647,2673,'Đáp án thứ 1',1),(10648,2673,'Đáp án thứ 2',0),(10649,2673,'Đáp án thứ 3',0),(10650,2673,'Đáp án thứ 4',0),(10651,2674,'Đáp án thứ 1',1),(10652,2674,'Đáp án thứ 2',0),(10653,2674,'Đáp án thứ 3',0),(10654,2674,'Đáp án thứ 4',0),(10655,2675,'Đáp án thứ 1',1),(10656,2675,'Đáp án thứ 2',0),(10657,2675,'Đáp án thứ 3',0),(10658,2675,'Đáp án thứ 4',0),(10659,2676,'Đáp án thứ 1',1),(10660,2676,'Đáp án thứ 2',1),(10661,2676,'Đáp án thứ 3',0),(10662,2676,'Đáp án thứ 4',0),(10663,2677,'Đáp án thứ 1',1),(10664,2677,'Đáp án thứ 2',1),(10665,2677,'Đáp án thứ 3',0),(10666,2677,'Đáp án thứ 4',0),(10667,2678,'Đáp án thứ 1',1),(10668,2678,'Đáp án thứ 2',0),(10669,2678,'Đáp án thứ 3',0),(10670,2678,'Đáp án thứ 4',0),(10671,2679,'Đáp án thứ 1',1),(10672,2679,'Đáp án thứ 2',0),(10673,2679,'Đáp án thứ 3',0),(10674,2679,'Đáp án thứ 4',0),(10675,2680,'Đáp án thứ 1',1),(10676,2680,'Đáp án thứ 2',0),(10677,2680,'Đáp án thứ 3',0),(10678,2680,'Đáp án thứ 4',0),(10679,2681,'Đáp án thứ 1',1),(10680,2681,'Đáp án thứ 2',1),(10681,2681,'Đáp án thứ 3',0),(10682,2681,'Đáp án thứ 4',0),(10683,2682,'Đáp án thứ 1',1),(10684,2682,'Đáp án thứ 2',1),(10685,2682,'Đáp án thứ 3',0),(10686,2682,'Đáp án thứ 4',0),(10687,2683,'Đáp án thứ 1',1),(10688,2683,'Đáp án thứ 2',1),(10689,2683,'Đáp án thứ 3',0),(10690,2683,'Đáp án thứ 4',0),(10691,2684,'Đáp án thứ 1',1),(10692,2684,'Đáp án thứ 2',0),(10693,2684,'Đáp án thứ 3',0),(10694,2684,'Đáp án thứ 4',0),(10695,2685,'Đáp án thứ 1',1),(10696,2685,'Đáp án thứ 2',0),(10697,2685,'Đáp án thứ 3',0),(10698,2685,'Đáp án thứ 4',0),(10699,2686,'Đáp án thứ 1',1),(10700,2686,'Đáp án thứ 2',0),(10701,2686,'Đáp án thứ 3',0),(10702,2686,'Đáp án thứ 4',0),(10703,2687,'Đáp án thứ 1',1),(10704,2687,'Đáp án thứ 2',0),(10705,2687,'Đáp án thứ 3',0),(10706,2687,'Đáp án thứ 4',0),(10707,2688,'Đáp án thứ 1',1),(10708,2688,'Đáp án thứ 2',0),(10709,2688,'Đáp án thứ 3',0),(10710,2688,'Đáp án thứ 4',0),(10711,2689,'Đáp án thứ 1',1),(10712,2689,'Đáp án thứ 2',0),(10713,2689,'Đáp án thứ 3',0),(10714,2689,'Đáp án thứ 4',0),(10715,2690,'Đáp án thứ 1',1),(10716,2690,'Đáp án thứ 2',1),(10717,2690,'Đáp án thứ 3',0),(10718,2690,'Đáp án thứ 4',0),(10719,2691,'Đáp án thứ 1',1),(10720,2691,'Đáp án thứ 2',0),(10721,2691,'Đáp án thứ 3',0),(10722,2691,'Đáp án thứ 4',0),(10723,2692,'Đáp án thứ 1',1),(10724,2692,'Đáp án thứ 2',0),(10725,2692,'Đáp án thứ 3',0),(10726,2692,'Đáp án thứ 4',0),(10727,2693,'Đáp án thứ 1',1),(10728,2693,'Đáp án thứ 2',1),(10729,2693,'Đáp án thứ 3',0),(10730,2693,'Đáp án thứ 4',0),(10731,2694,'Đáp án thứ 1',1),(10732,2694,'Đáp án thứ 2',0),(10733,2694,'Đáp án thứ 3',0),(10734,2694,'Đáp án thứ 4',0),(10735,2695,'Đáp án thứ 1',1),(10736,2695,'Đáp án thứ 2',1),(10737,2695,'Đáp án thứ 3',0),(10738,2695,'Đáp án thứ 4',0),(10739,2696,'Đáp án thứ 1',1),(10740,2696,'Đáp án thứ 2',0),(10741,2696,'Đáp án thứ 3',0),(10742,2696,'Đáp án thứ 4',0),(10743,2697,'Đáp án thứ 1',1),(10744,2697,'Đáp án thứ 2',1),(10745,2697,'Đáp án thứ 3',0),(10746,2697,'Đáp án thứ 4',0),(10747,2698,'Đáp án thứ 1',1),(10748,2698,'Đáp án thứ 2',0),(10749,2698,'Đáp án thứ 3',0),(10750,2698,'Đáp án thứ 4',0),(10751,2699,'Đáp án thứ 1',1),(10752,2699,'Đáp án thứ 2',0),(10753,2699,'Đáp án thứ 3',0),(10754,2699,'Đáp án thứ 4',0),(10755,2700,'Đáp án thứ 1',1),(10756,2700,'Đáp án thứ 2',0),(10757,2700,'Đáp án thứ 3',0),(10758,2700,'Đáp án thứ 4',0),(10759,2701,'Đáp án thứ 1',1),(10760,2701,'Đáp án thứ 2',0),(10761,2701,'Đáp án thứ 3',0),(10762,2701,'Đáp án thứ 4',0),(10763,2702,'Đáp án thứ 1',1),(10764,2702,'Đáp án thứ 2',1),(10765,2702,'Đáp án thứ 3',0),(10766,2702,'Đáp án thứ 4',0),(10767,2703,'Đáp án thứ 1',1),(10768,2703,'Đáp án thứ 2',0),(10769,2703,'Đáp án thứ 3',0),(10770,2703,'Đáp án thứ 4',0),(10771,2704,'Đáp án thứ 1',1),(10772,2704,'Đáp án thứ 2',0),(10773,2704,'Đáp án thứ 3',0),(10774,2704,'Đáp án thứ 4',0),(10775,2705,'Đáp án thứ 1',1),(10776,2705,'Đáp án thứ 2',1),(10777,2705,'Đáp án thứ 3',0),(10778,2705,'Đáp án thứ 4',0),(10779,2706,'Đáp án thứ 1',1),(10780,2706,'Đáp án thứ 2',1),(10781,2706,'Đáp án thứ 3',0),(10782,2706,'Đáp án thứ 4',0),(10783,2707,'Đáp án thứ 1',1),(10784,2707,'Đáp án thứ 2',0),(10785,2707,'Đáp án thứ 3',0),(10786,2707,'Đáp án thứ 4',0),(10787,2708,'Đáp án thứ 1',1),(10788,2708,'Đáp án thứ 2',1),(10789,2708,'Đáp án thứ 3',0),(10790,2708,'Đáp án thứ 4',0),(10791,2709,'Đáp án thứ 1',1),(10792,2709,'Đáp án thứ 2',0),(10793,2709,'Đáp án thứ 3',0),(10794,2709,'Đáp án thứ 4',0),(10795,2710,'Đáp án thứ 1',1),(10796,2710,'Đáp án thứ 2',1),(10797,2710,'Đáp án thứ 3',0),(10798,2710,'Đáp án thứ 4',0),(10799,2711,'Đáp án thứ 1',1),(10800,2711,'Đáp án thứ 2',1),(10801,2711,'Đáp án thứ 3',0),(10802,2711,'Đáp án thứ 4',0),(10803,2712,'Đáp án thứ 1',1),(10804,2712,'Đáp án thứ 2',0),(10805,2712,'Đáp án thứ 3',0),(10806,2712,'Đáp án thứ 4',0),(10807,2713,'Đáp án thứ 1',1),(10808,2713,'Đáp án thứ 2',0),(10809,2713,'Đáp án thứ 3',0),(10810,2713,'Đáp án thứ 4',0),(10811,2714,'Đáp án thứ 1',1),(10812,2714,'Đáp án thứ 2',0),(10813,2714,'Đáp án thứ 3',0),(10814,2714,'Đáp án thứ 4',0),(10815,2715,'Đáp án thứ 1',1),(10816,2715,'Đáp án thứ 2',1),(10817,2715,'Đáp án thứ 3',0),(10818,2715,'Đáp án thứ 4',0),(10819,2716,'Đáp án thứ 1',1),(10820,2716,'Đáp án thứ 2',1),(10821,2716,'Đáp án thứ 3',0),(10822,2716,'Đáp án thứ 4',0),(10823,2717,'Đáp án thứ 1',1),(10824,2717,'Đáp án thứ 2',0),(10825,2717,'Đáp án thứ 3',0),(10826,2717,'Đáp án thứ 4',0),(10827,2718,'Đáp án thứ 1',1),(10828,2718,'Đáp án thứ 2',1),(10829,2718,'Đáp án thứ 3',0),(10830,2718,'Đáp án thứ 4',0),(10831,2719,'Đáp án thứ 1',1),(10832,2719,'Đáp án thứ 2',1),(10833,2719,'Đáp án thứ 3',0),(10834,2719,'Đáp án thứ 4',0),(10835,2720,'Đáp án thứ 1',1),(10836,2720,'Đáp án thứ 2',1),(10837,2720,'Đáp án thứ 3',0),(10838,2720,'Đáp án thứ 4',0),(10839,2721,'Đáp án thứ 1',1),(10840,2721,'Đáp án thứ 2',0),(10841,2721,'Đáp án thứ 3',0),(10842,2721,'Đáp án thứ 4',0),(10843,2722,'Đáp án thứ 1',1),(10844,2722,'Đáp án thứ 2',0),(10845,2722,'Đáp án thứ 3',0),(10846,2722,'Đáp án thứ 4',0),(10847,2723,'Đáp án thứ 1',1),(10848,2723,'Đáp án thứ 2',1),(10849,2723,'Đáp án thứ 3',0),(10850,2723,'Đáp án thứ 4',0),(10851,2724,'Đáp án thứ 1',1),(10852,2724,'Đáp án thứ 2',0),(10853,2724,'Đáp án thứ 3',0),(10854,2724,'Đáp án thứ 4',0),(10855,2725,'Đáp án thứ 1',1),(10856,2725,'Đáp án thứ 2',1),(10857,2725,'Đáp án thứ 3',0),(10858,2725,'Đáp án thứ 4',0),(10859,2726,'Đáp án thứ 1',1),(10860,2726,'Đáp án thứ 2',0),(10861,2726,'Đáp án thứ 3',0),(10862,2726,'Đáp án thứ 4',0),(10863,2727,'Đáp án thứ 1',1),(10864,2727,'Đáp án thứ 2',0),(10865,2727,'Đáp án thứ 3',0),(10866,2727,'Đáp án thứ 4',0),(10867,2728,'Đáp án thứ 1',1),(10868,2728,'Đáp án thứ 2',1),(10869,2728,'Đáp án thứ 3',0),(10870,2728,'Đáp án thứ 4',0),(10871,2729,'Đáp án thứ 1',1),(10872,2729,'Đáp án thứ 2',1),(10873,2729,'Đáp án thứ 3',0),(10874,2729,'Đáp án thứ 4',0),(10875,2730,'Đáp án thứ 1',1),(10876,2730,'Đáp án thứ 2',0),(10877,2730,'Đáp án thứ 3',0),(10878,2730,'Đáp án thứ 4',0),(10879,2731,'Đáp án thứ 1',1),(10880,2731,'Đáp án thứ 2',0),(10881,2731,'Đáp án thứ 3',0),(10882,2731,'Đáp án thứ 4',0),(10883,2732,'Đáp án thứ 1',1),(10884,2732,'Đáp án thứ 2',0),(10885,2732,'Đáp án thứ 3',0),(10886,2732,'Đáp án thứ 4',0),(10887,2733,'Đáp án thứ 1',1),(10888,2733,'Đáp án thứ 2',1),(10889,2733,'Đáp án thứ 3',0),(10890,2733,'Đáp án thứ 4',0),(10891,2734,'Đáp án thứ 1',1),(10892,2734,'Đáp án thứ 2',0),(10893,2734,'Đáp án thứ 3',0),(10894,2734,'Đáp án thứ 4',0),(10895,2735,'Đáp án thứ 1',1),(10896,2735,'Đáp án thứ 2',0),(10897,2735,'Đáp án thứ 3',0),(10898,2735,'Đáp án thứ 4',0),(10899,2736,'Đáp án thứ 1',1),(10900,2736,'Đáp án thứ 2',0),(10901,2736,'Đáp án thứ 3',0),(10902,2736,'Đáp án thứ 4',0),(10903,2737,'Đáp án thứ 1',1),(10904,2737,'Đáp án thứ 2',1),(10905,2737,'Đáp án thứ 3',0),(10906,2737,'Đáp án thứ 4',0),(10907,2738,'Đáp án thứ 1',1),(10908,2738,'Đáp án thứ 2',0),(10909,2738,'Đáp án thứ 3',0),(10910,2738,'Đáp án thứ 4',0),(10911,2739,'Đáp án thứ 1',1),(10912,2739,'Đáp án thứ 2',0),(10913,2739,'Đáp án thứ 3',0),(10914,2739,'Đáp án thứ 4',0),(10915,2740,'Đáp án thứ 1',1),(10916,2740,'Đáp án thứ 2',0),(10917,2740,'Đáp án thứ 3',0),(10918,2740,'Đáp án thứ 4',0),(10919,2741,'Đáp án thứ 1',1),(10920,2741,'Đáp án thứ 2',0),(10921,2741,'Đáp án thứ 3',0),(10922,2741,'Đáp án thứ 4',0),(10923,2742,'Đáp án thứ 1',1),(10924,2742,'Đáp án thứ 2',0),(10925,2742,'Đáp án thứ 3',0),(10926,2742,'Đáp án thứ 4',0),(10927,2743,'Đáp án thứ 1',1),(10928,2743,'Đáp án thứ 2',1),(10929,2743,'Đáp án thứ 3',0),(10930,2743,'Đáp án thứ 4',0),(10931,2744,'Đáp án thứ 1',1),(10932,2744,'Đáp án thứ 2',0),(10933,2744,'Đáp án thứ 3',0),(10934,2744,'Đáp án thứ 4',0),(10935,2745,'Đáp án thứ 1',1),(10936,2745,'Đáp án thứ 2',0),(10937,2745,'Đáp án thứ 3',0),(10938,2745,'Đáp án thứ 4',0),(10939,2746,'Đáp án thứ 1',1),(10940,2746,'Đáp án thứ 2',1),(10941,2746,'Đáp án thứ 3',0),(10942,2746,'Đáp án thứ 4',0),(10943,2747,'Đáp án thứ 1',1),(10944,2747,'Đáp án thứ 2',0),(10945,2747,'Đáp án thứ 3',0),(10946,2747,'Đáp án thứ 4',0),(10947,2748,'Đáp án thứ 1',1),(10948,2748,'Đáp án thứ 2',0),(10949,2748,'Đáp án thứ 3',0),(10950,2748,'Đáp án thứ 4',0),(10951,2749,'Đáp án thứ 1',1),(10952,2749,'Đáp án thứ 2',1),(10953,2749,'Đáp án thứ 3',0),(10954,2749,'Đáp án thứ 4',0),(10955,2750,'Đáp án thứ 1',1),(10956,2750,'Đáp án thứ 2',1),(10957,2750,'Đáp án thứ 3',0),(10958,2750,'Đáp án thứ 4',0),(10959,2751,'Đáp án thứ 1',1),(10960,2751,'Đáp án thứ 2',1),(10961,2751,'Đáp án thứ 3',0),(10962,2751,'Đáp án thứ 4',0),(10963,2752,'Đáp án thứ 1',1),(10964,2752,'Đáp án thứ 2',1),(10965,2752,'Đáp án thứ 3',0),(10966,2752,'Đáp án thứ 4',0),(10967,2753,'Đáp án thứ 1',1),(10968,2753,'Đáp án thứ 2',0),(10969,2753,'Đáp án thứ 3',0),(10970,2753,'Đáp án thứ 4',0),(10971,2754,'Đáp án thứ 1',1),(10972,2754,'Đáp án thứ 2',0),(10973,2754,'Đáp án thứ 3',0),(10974,2754,'Đáp án thứ 4',0),(10975,2755,'Đáp án thứ 1',1),(10976,2755,'Đáp án thứ 2',0),(10977,2755,'Đáp án thứ 3',0),(10978,2755,'Đáp án thứ 4',0),(10979,2756,'Đáp án thứ 1',1),(10980,2756,'Đáp án thứ 2',0),(10981,2756,'Đáp án thứ 3',0),(10982,2756,'Đáp án thứ 4',0),(10983,2757,'Đáp án thứ 1',1),(10984,2757,'Đáp án thứ 2',0),(10985,2757,'Đáp án thứ 3',0),(10986,2757,'Đáp án thứ 4',0),(10987,2758,'Đáp án thứ 1',1),(10988,2758,'Đáp án thứ 2',1),(10989,2758,'Đáp án thứ 3',0),(10990,2758,'Đáp án thứ 4',0),(10991,2759,'Đáp án thứ 1',1),(10992,2759,'Đáp án thứ 2',0),(10993,2759,'Đáp án thứ 3',0),(10994,2759,'Đáp án thứ 4',0),(10995,2760,'Đáp án thứ 1',1),(10996,2760,'Đáp án thứ 2',0),(10997,2760,'Đáp án thứ 3',0),(10998,2760,'Đáp án thứ 4',0),(10999,2761,'Đáp án thứ 1',1),(11000,2761,'Đáp án thứ 2',0),(11001,2761,'Đáp án thứ 3',0),(11002,2761,'Đáp án thứ 4',0),(11003,2762,'Đáp án thứ 1',1),(11004,2762,'Đáp án thứ 2',1),(11005,2762,'Đáp án thứ 3',0),(11006,2762,'Đáp án thứ 4',0),(11007,2763,'Đáp án thứ 1',1),(11008,2763,'Đáp án thứ 2',0),(11009,2763,'Đáp án thứ 3',0),(11010,2763,'Đáp án thứ 4',0),(11011,2764,'Đáp án thứ 1',1),(11012,2764,'Đáp án thứ 2',0),(11013,2764,'Đáp án thứ 3',0),(11014,2764,'Đáp án thứ 4',0),(11015,2765,'Đáp án thứ 1',1),(11016,2765,'Đáp án thứ 2',1),(11017,2765,'Đáp án thứ 3',0),(11018,2765,'Đáp án thứ 4',0),(11019,2766,'Đáp án thứ 1',1),(11020,2766,'Đáp án thứ 2',0),(11021,2766,'Đáp án thứ 3',0),(11022,2766,'Đáp án thứ 4',0),(11023,2767,'Đáp án thứ 1',1),(11024,2767,'Đáp án thứ 2',0),(11025,2767,'Đáp án thứ 3',0),(11026,2767,'Đáp án thứ 4',0),(11027,2768,'Đáp án thứ 1',1),(11028,2768,'Đáp án thứ 2',1),(11029,2768,'Đáp án thứ 3',0),(11030,2768,'Đáp án thứ 4',0),(11031,2769,'Đáp án thứ 1',1),(11032,2769,'Đáp án thứ 2',1),(11033,2769,'Đáp án thứ 3',0),(11034,2769,'Đáp án thứ 4',0),(11035,2770,'Đáp án thứ 1',1),(11036,2770,'Đáp án thứ 2',0),(11037,2770,'Đáp án thứ 3',0),(11038,2770,'Đáp án thứ 4',0),(11039,2771,'Đáp án thứ 1',1),(11040,2771,'Đáp án thứ 2',1),(11041,2771,'Đáp án thứ 3',0),(11042,2771,'Đáp án thứ 4',0),(11043,2772,'Đáp án thứ 1',1),(11044,2772,'Đáp án thứ 2',0),(11045,2772,'Đáp án thứ 3',0),(11046,2772,'Đáp án thứ 4',0),(11047,2773,'Đáp án thứ 1',1),(11048,2773,'Đáp án thứ 2',0),(11049,2773,'Đáp án thứ 3',0),(11050,2773,'Đáp án thứ 4',0),(11051,2774,'Đáp án thứ 1',1),(11052,2774,'Đáp án thứ 2',0),(11053,2774,'Đáp án thứ 3',0),(11054,2774,'Đáp án thứ 4',0),(11055,2775,'Đáp án thứ 1',1),(11056,2775,'Đáp án thứ 2',0),(11057,2775,'Đáp án thứ 3',0),(11058,2775,'Đáp án thứ 4',0),(11059,2776,'Đáp án thứ 1',1),(11060,2776,'Đáp án thứ 2',0),(11061,2776,'Đáp án thứ 3',0),(11062,2776,'Đáp án thứ 4',0),(11063,2777,'Đáp án thứ 1',1),(11064,2777,'Đáp án thứ 2',1),(11065,2777,'Đáp án thứ 3',0),(11066,2777,'Đáp án thứ 4',0),(11067,2778,'Đáp án thứ 1',1),(11068,2778,'Đáp án thứ 2',0),(11069,2778,'Đáp án thứ 3',0),(11070,2778,'Đáp án thứ 4',0),(11071,2779,'Đáp án thứ 1',1),(11072,2779,'Đáp án thứ 2',0),(11073,2779,'Đáp án thứ 3',0),(11074,2779,'Đáp án thứ 4',0),(11075,2780,'Đáp án thứ 1',1),(11076,2780,'Đáp án thứ 2',0),(11077,2780,'Đáp án thứ 3',0),(11078,2780,'Đáp án thứ 4',0),(11079,2781,'Đáp án thứ 1',1),(11080,2781,'Đáp án thứ 2',0),(11081,2781,'Đáp án thứ 3',0),(11082,2781,'Đáp án thứ 4',0),(11083,2782,'Đáp án thứ 1',1),(11084,2782,'Đáp án thứ 2',0),(11085,2782,'Đáp án thứ 3',0),(11086,2782,'Đáp án thứ 4',0),(11087,2783,'Đáp án thứ 1',1),(11088,2783,'Đáp án thứ 2',1),(11089,2783,'Đáp án thứ 3',0),(11090,2783,'Đáp án thứ 4',0),(11091,2784,'Đáp án thứ 1',1),(11092,2784,'Đáp án thứ 2',0),(11093,2784,'Đáp án thứ 3',0),(11094,2784,'Đáp án thứ 4',0),(11095,2785,'Đáp án thứ 1',1),(11096,2785,'Đáp án thứ 2',1),(11097,2785,'Đáp án thứ 3',0),(11098,2785,'Đáp án thứ 4',0),(11099,2786,'Đáp án thứ 1',1),(11100,2786,'Đáp án thứ 2',0),(11101,2786,'Đáp án thứ 3',0),(11102,2786,'Đáp án thứ 4',0),(11103,2787,'Đáp án thứ 1',1),(11104,2787,'Đáp án thứ 2',0),(11105,2787,'Đáp án thứ 3',0),(11106,2787,'Đáp án thứ 4',0),(11107,2788,'Đáp án thứ 1',1),(11108,2788,'Đáp án thứ 2',1),(11109,2788,'Đáp án thứ 3',0),(11110,2788,'Đáp án thứ 4',0),(11111,2789,'Đáp án thứ 1',1),(11112,2789,'Đáp án thứ 2',0),(11113,2789,'Đáp án thứ 3',0),(11114,2789,'Đáp án thứ 4',0),(11115,2790,'Đáp án thứ 1',1),(11116,2790,'Đáp án thứ 2',0),(11117,2790,'Đáp án thứ 3',0),(11118,2790,'Đáp án thứ 4',0),(11119,2791,'Đáp án thứ 1',1),(11120,2791,'Đáp án thứ 2',0),(11121,2791,'Đáp án thứ 3',0),(11122,2791,'Đáp án thứ 4',0),(11123,2792,'Đáp án thứ 1',1),(11124,2792,'Đáp án thứ 2',1),(11125,2792,'Đáp án thứ 3',0),(11126,2792,'Đáp án thứ 4',0),(11127,2793,'Đáp án thứ 1',1),(11128,2793,'Đáp án thứ 2',0),(11129,2793,'Đáp án thứ 3',0),(11130,2793,'Đáp án thứ 4',0),(11131,2794,'Đáp án thứ 1',1),(11132,2794,'Đáp án thứ 2',0),(11133,2794,'Đáp án thứ 3',0),(11134,2794,'Đáp án thứ 4',0),(11135,2795,'Đáp án thứ 1',1),(11136,2795,'Đáp án thứ 2',1),(11137,2795,'Đáp án thứ 3',0),(11138,2795,'Đáp án thứ 4',0),(11139,2796,'Đáp án thứ 1',1),(11140,2796,'Đáp án thứ 2',0),(11141,2796,'Đáp án thứ 3',0),(11142,2796,'Đáp án thứ 4',0),(11143,2797,'Đáp án thứ 1',1),(11144,2797,'Đáp án thứ 2',0),(11145,2797,'Đáp án thứ 3',0),(11146,2797,'Đáp án thứ 4',0),(11147,2798,'Đáp án thứ 1',1),(11148,2798,'Đáp án thứ 2',0),(11149,2798,'Đáp án thứ 3',0),(11150,2798,'Đáp án thứ 4',0),(11151,2799,'Đáp án thứ 1',1),(11152,2799,'Đáp án thứ 2',0),(11153,2799,'Đáp án thứ 3',0),(11154,2799,'Đáp án thứ 4',0),(11155,2800,'Đáp án thứ 1',1),(11156,2800,'Đáp án thứ 2',1),(11157,2800,'Đáp án thứ 3',0),(11158,2800,'Đáp án thứ 4',0),(11159,2801,'Đáp án thứ 1',1),(11160,2801,'Đáp án thứ 2',1),(11161,2801,'Đáp án thứ 3',0),(11162,2801,'Đáp án thứ 4',0),(11163,2802,'Đáp án thứ 1',1),(11164,2802,'Đáp án thứ 2',0),(11165,2802,'Đáp án thứ 3',0),(11166,2802,'Đáp án thứ 4',0),(11167,2803,'Đáp án thứ 1',1),(11168,2803,'Đáp án thứ 2',1),(11169,2803,'Đáp án thứ 3',0),(11170,2803,'Đáp án thứ 4',0),(11171,2804,'Đáp án thứ 1',1),(11172,2804,'Đáp án thứ 2',1),(11173,2804,'Đáp án thứ 3',0),(11174,2804,'Đáp án thứ 4',0),(11175,2805,'Đáp án thứ 1',1),(11176,2805,'Đáp án thứ 2',1),(11177,2805,'Đáp án thứ 3',0),(11178,2805,'Đáp án thứ 4',0),(11179,2806,'Đáp án thứ 1',1),(11180,2806,'Đáp án thứ 2',0),(11181,2806,'Đáp án thứ 3',0),(11182,2806,'Đáp án thứ 4',0),(11183,2807,'Đáp án thứ 1',1),(11184,2807,'Đáp án thứ 2',0),(11185,2807,'Đáp án thứ 3',0),(11186,2807,'Đáp án thứ 4',0),(11187,2808,'Đáp án thứ 1',1),(11188,2808,'Đáp án thứ 2',0),(11189,2808,'Đáp án thứ 3',0),(11190,2808,'Đáp án thứ 4',0),(11191,2809,'Đáp án thứ 1',1),(11192,2809,'Đáp án thứ 2',0),(11193,2809,'Đáp án thứ 3',0),(11194,2809,'Đáp án thứ 4',0),(11195,2810,'Đáp án thứ 1',1),(11196,2810,'Đáp án thứ 2',1),(11197,2810,'Đáp án thứ 3',0),(11198,2810,'Đáp án thứ 4',0),(11199,2811,'Đáp án thứ 1',1),(11200,2811,'Đáp án thứ 2',1),(11201,2811,'Đáp án thứ 3',0),(11202,2811,'Đáp án thứ 4',0),(11203,2812,'Đáp án thứ 1',1),(11204,2812,'Đáp án thứ 2',0),(11205,2812,'Đáp án thứ 3',0),(11206,2812,'Đáp án thứ 4',0),(11207,2813,'Đáp án thứ 1',1),(11208,2813,'Đáp án thứ 2',1),(11209,2813,'Đáp án thứ 3',0),(11210,2813,'Đáp án thứ 4',0),(11211,2814,'Đáp án thứ 1',1),(11212,2814,'Đáp án thứ 2',0),(11213,2814,'Đáp án thứ 3',0),(11214,2814,'Đáp án thứ 4',0),(11215,2815,'Đáp án thứ 1',1),(11216,2815,'Đáp án thứ 2',0),(11217,2815,'Đáp án thứ 3',0),(11218,2815,'Đáp án thứ 4',0),(11219,2816,'Đáp án thứ 1',1),(11220,2816,'Đáp án thứ 2',0),(11221,2816,'Đáp án thứ 3',0),(11222,2816,'Đáp án thứ 4',0),(11223,2817,'Đáp án thứ 1',1),(11224,2817,'Đáp án thứ 2',0),(11225,2817,'Đáp án thứ 3',0),(11226,2817,'Đáp án thứ 4',0),(11227,2818,'Đáp án thứ 1',1),(11228,2818,'Đáp án thứ 2',0),(11229,2818,'Đáp án thứ 3',0),(11230,2818,'Đáp án thứ 4',0),(11231,2819,'Đáp án thứ 1',1),(11232,2819,'Đáp án thứ 2',0),(11233,2819,'Đáp án thứ 3',0),(11234,2819,'Đáp án thứ 4',0),(11235,2820,'Đáp án thứ 1',1),(11236,2820,'Đáp án thứ 2',1),(11237,2820,'Đáp án thứ 3',0),(11238,2820,'Đáp án thứ 4',0),(11239,2821,'Đáp án thứ 1',1),(11240,2821,'Đáp án thứ 2',0),(11241,2821,'Đáp án thứ 3',0),(11242,2821,'Đáp án thứ 4',0),(11243,2822,'Đáp án thứ 1',1),(11244,2822,'Đáp án thứ 2',0),(11245,2822,'Đáp án thứ 3',0),(11246,2822,'Đáp án thứ 4',0),(11247,2823,'Đáp án thứ 1',1),(11248,2823,'Đáp án thứ 2',0),(11249,2823,'Đáp án thứ 3',0),(11250,2823,'Đáp án thứ 4',0),(11251,2824,'Đáp án thứ 1',1),(11252,2824,'Đáp án thứ 2',1),(11253,2824,'Đáp án thứ 3',0),(11254,2824,'Đáp án thứ 4',0),(11255,2825,'Đáp án thứ 1',1),(11256,2825,'Đáp án thứ 2',1),(11257,2825,'Đáp án thứ 3',0),(11258,2825,'Đáp án thứ 4',0),(11259,2826,'Đáp án thứ 1',1),(11260,2826,'Đáp án thứ 2',0),(11261,2826,'Đáp án thứ 3',0),(11262,2826,'Đáp án thứ 4',0),(11263,2827,'Đáp án thứ 1',1),(11264,2827,'Đáp án thứ 2',1),(11265,2827,'Đáp án thứ 3',0),(11266,2827,'Đáp án thứ 4',0),(11267,2828,'Đáp án thứ 1',1),(11268,2828,'Đáp án thứ 2',0),(11269,2828,'Đáp án thứ 3',0),(11270,2828,'Đáp án thứ 4',0),(11271,2829,'Đáp án thứ 1',1),(11272,2829,'Đáp án thứ 2',1),(11273,2829,'Đáp án thứ 3',0),(11274,2829,'Đáp án thứ 4',0),(11275,2830,'Đáp án thứ 1',1),(11276,2830,'Đáp án thứ 2',0),(11277,2830,'Đáp án thứ 3',0),(11278,2830,'Đáp án thứ 4',0),(11279,2831,'Đáp án thứ 1',1),(11280,2831,'Đáp án thứ 2',0),(11281,2831,'Đáp án thứ 3',0),(11282,2831,'Đáp án thứ 4',0),(11283,2832,'Đáp án thứ 1',1),(11284,2832,'Đáp án thứ 2',0),(11285,2832,'Đáp án thứ 3',0),(11286,2832,'Đáp án thứ 4',0),(11287,2833,'Đáp án thứ 1',1),(11288,2833,'Đáp án thứ 2',0),(11289,2833,'Đáp án thứ 3',0),(11290,2833,'Đáp án thứ 4',0),(11291,2834,'Đáp án thứ 1',1),(11292,2834,'Đáp án thứ 2',0),(11293,2834,'Đáp án thứ 3',0),(11294,2834,'Đáp án thứ 4',0),(11295,2835,'Đáp án thứ 1',1),(11296,2835,'Đáp án thứ 2',0),(11297,2835,'Đáp án thứ 3',0),(11298,2835,'Đáp án thứ 4',0),(11299,2836,'Đáp án thứ 1',1),(11300,2836,'Đáp án thứ 2',0),(11301,2836,'Đáp án thứ 3',0),(11302,2836,'Đáp án thứ 4',0),(11303,2837,'Đáp án thứ 1',1),(11304,2837,'Đáp án thứ 2',0),(11305,2837,'Đáp án thứ 3',0),(11306,2837,'Đáp án thứ 4',0),(11307,2838,'Đáp án thứ 1',1),(11308,2838,'Đáp án thứ 2',0),(11309,2838,'Đáp án thứ 3',0),(11310,2838,'Đáp án thứ 4',0),(11311,2839,'Đáp án thứ 1',1),(11312,2839,'Đáp án thứ 2',1),(11313,2839,'Đáp án thứ 3',0),(11314,2839,'Đáp án thứ 4',0),(11315,2840,'Đáp án thứ 1',1),(11316,2840,'Đáp án thứ 2',0),(11317,2840,'Đáp án thứ 3',0),(11318,2840,'Đáp án thứ 4',0),(11319,2841,'Đáp án thứ 1',1),(11320,2841,'Đáp án thứ 2',0),(11321,2841,'Đáp án thứ 3',0),(11322,2841,'Đáp án thứ 4',0),(11323,2842,'Đáp án thứ 1',1),(11324,2842,'Đáp án thứ 2',1),(11325,2842,'Đáp án thứ 3',0),(11326,2842,'Đáp án thứ 4',0),(11327,2843,'Đáp án thứ 1',1),(11328,2843,'Đáp án thứ 2',0),(11329,2843,'Đáp án thứ 3',0),(11330,2843,'Đáp án thứ 4',0),(11331,2844,'Đáp án thứ 1',1),(11332,2844,'Đáp án thứ 2',0),(11333,2844,'Đáp án thứ 3',0),(11334,2844,'Đáp án thứ 4',0),(11335,2845,'Đáp án thứ 1',1),(11336,2845,'Đáp án thứ 2',0),(11337,2845,'Đáp án thứ 3',0),(11338,2845,'Đáp án thứ 4',0),(11339,2846,'Đáp án thứ 1',1),(11340,2846,'Đáp án thứ 2',1),(11341,2846,'Đáp án thứ 3',0),(11342,2846,'Đáp án thứ 4',0),(11343,2847,'Đáp án thứ 1',1),(11344,2847,'Đáp án thứ 2',0),(11345,2847,'Đáp án thứ 3',0),(11346,2847,'Đáp án thứ 4',0),(11347,2848,'Đáp án thứ 1',1),(11348,2848,'Đáp án thứ 2',1),(11349,2848,'Đáp án thứ 3',0),(11350,2848,'Đáp án thứ 4',0),(11351,2849,'Đáp án thứ 1',1),(11352,2849,'Đáp án thứ 2',0),(11353,2849,'Đáp án thứ 3',0),(11354,2849,'Đáp án thứ 4',0),(11355,2850,'Đáp án thứ 1',1),(11356,2850,'Đáp án thứ 2',1),(11357,2850,'Đáp án thứ 3',0),(11358,2850,'Đáp án thứ 4',0),(11359,2851,'Đáp án thứ 1',1),(11360,2851,'Đáp án thứ 2',0),(11361,2851,'Đáp án thứ 3',0),(11362,2851,'Đáp án thứ 4',0),(11363,2852,'Đáp án thứ 1',1),(11364,2852,'Đáp án thứ 2',1),(11365,2852,'Đáp án thứ 3',0),(11366,2852,'Đáp án thứ 4',0),(11367,2853,'Đáp án thứ 1',1),(11368,2853,'Đáp án thứ 2',1),(11369,2853,'Đáp án thứ 3',0),(11370,2853,'Đáp án thứ 4',0),(11371,2854,'Đáp án thứ 1',1),(11372,2854,'Đáp án thứ 2',0),(11373,2854,'Đáp án thứ 3',0),(11374,2854,'Đáp án thứ 4',0),(11375,2855,'Đáp án thứ 1',1),(11376,2855,'Đáp án thứ 2',0),(11377,2855,'Đáp án thứ 3',0),(11378,2855,'Đáp án thứ 4',0),(11379,2856,'Đáp án thứ 1',1),(11380,2856,'Đáp án thứ 2',1),(11381,2856,'Đáp án thứ 3',0),(11382,2856,'Đáp án thứ 4',0),(11383,2857,'Đáp án thứ 1',1),(11384,2857,'Đáp án thứ 2',0),(11385,2857,'Đáp án thứ 3',0),(11386,2857,'Đáp án thứ 4',0),(11387,2858,'Đáp án thứ 1',1),(11388,2858,'Đáp án thứ 2',0),(11389,2858,'Đáp án thứ 3',0),(11390,2858,'Đáp án thứ 4',0),(11391,2859,'Đáp án thứ 1',1),(11392,2859,'Đáp án thứ 2',0),(11393,2859,'Đáp án thứ 3',0),(11394,2859,'Đáp án thứ 4',0),(11395,2860,'Đáp án thứ 1',1),(11396,2860,'Đáp án thứ 2',0),(11397,2860,'Đáp án thứ 3',0),(11398,2860,'Đáp án thứ 4',0),(11399,2861,'Đáp án thứ 1',1),(11400,2861,'Đáp án thứ 2',0),(11401,2861,'Đáp án thứ 3',0),(11402,2861,'Đáp án thứ 4',0),(11403,2862,'Đáp án thứ 1',1),(11404,2862,'Đáp án thứ 2',0),(11405,2862,'Đáp án thứ 3',0),(11406,2862,'Đáp án thứ 4',0),(11407,2863,'Đáp án thứ 1',1),(11408,2863,'Đáp án thứ 2',0),(11409,2863,'Đáp án thứ 3',0),(11410,2863,'Đáp án thứ 4',0),(11411,2864,'Đáp án thứ 1',1),(11412,2864,'Đáp án thứ 2',0),(11413,2864,'Đáp án thứ 3',0),(11414,2864,'Đáp án thứ 4',0),(11415,2865,'Đáp án thứ 1',1),(11416,2865,'Đáp án thứ 2',0),(11417,2865,'Đáp án thứ 3',0),(11418,2865,'Đáp án thứ 4',0),(11419,2866,'Đáp án thứ 1',1),(11420,2866,'Đáp án thứ 2',0),(11421,2866,'Đáp án thứ 3',0),(11422,2866,'Đáp án thứ 4',0),(11423,2867,'Đáp án thứ 1',1),(11424,2867,'Đáp án thứ 2',0),(11425,2867,'Đáp án thứ 3',0),(11426,2867,'Đáp án thứ 4',0),(11427,2868,'Đáp án thứ 1',1),(11428,2868,'Đáp án thứ 2',0),(11429,2868,'Đáp án thứ 3',0),(11430,2868,'Đáp án thứ 4',0),(11431,2869,'Đáp án thứ 1',1),(11432,2869,'Đáp án thứ 2',0),(11433,2869,'Đáp án thứ 3',0),(11434,2869,'Đáp án thứ 4',0),(11435,2870,'Đáp án thứ 1',1),(11436,2870,'Đáp án thứ 2',0),(11437,2870,'Đáp án thứ 3',0),(11438,2870,'Đáp án thứ 4',0),(11439,2871,'Đáp án thứ 1',1),(11440,2871,'Đáp án thứ 2',1),(11441,2871,'Đáp án thứ 3',0),(11442,2871,'Đáp án thứ 4',0),(11443,2872,'Đáp án thứ 1',1),(11444,2872,'Đáp án thứ 2',0),(11445,2872,'Đáp án thứ 3',0),(11446,2872,'Đáp án thứ 4',0),(11447,2873,'Đáp án thứ 1',1),(11448,2873,'Đáp án thứ 2',0),(11449,2873,'Đáp án thứ 3',0),(11450,2873,'Đáp án thứ 4',0),(11451,2874,'Đáp án thứ 1',1),(11452,2874,'Đáp án thứ 2',1),(11453,2874,'Đáp án thứ 3',0),(11454,2874,'Đáp án thứ 4',0),(11455,2875,'Đáp án thứ 1',1),(11456,2875,'Đáp án thứ 2',0),(11457,2875,'Đáp án thứ 3',0),(11458,2875,'Đáp án thứ 4',0),(11459,2876,'Đáp án thứ 1',1),(11460,2876,'Đáp án thứ 2',1),(11461,2876,'Đáp án thứ 3',0),(11462,2876,'Đáp án thứ 4',0),(11463,2877,'Đáp án thứ 1',1),(11464,2877,'Đáp án thứ 2',1),(11465,2877,'Đáp án thứ 3',0),(11466,2877,'Đáp án thứ 4',0),(11467,2878,'Đáp án thứ 1',1),(11468,2878,'Đáp án thứ 2',1),(11469,2878,'Đáp án thứ 3',0),(11470,2878,'Đáp án thứ 4',0),(11471,2879,'Đáp án thứ 1',1),(11472,2879,'Đáp án thứ 2',0),(11473,2879,'Đáp án thứ 3',0),(11474,2879,'Đáp án thứ 4',0),(11475,2880,'Đáp án thứ 1',1),(11476,2880,'Đáp án thứ 2',0),(11477,2880,'Đáp án thứ 3',0),(11478,2880,'Đáp án thứ 4',0),(11479,2881,'Đáp án thứ 1',1),(11480,2881,'Đáp án thứ 2',0),(11481,2881,'Đáp án thứ 3',0),(11482,2881,'Đáp án thứ 4',0),(11483,2882,'Đáp án thứ 1',1),(11484,2882,'Đáp án thứ 2',1),(11485,2882,'Đáp án thứ 3',0),(11486,2882,'Đáp án thứ 4',0),(11487,2883,'Đáp án thứ 1',1),(11488,2883,'Đáp án thứ 2',0),(11489,2883,'Đáp án thứ 3',0),(11490,2883,'Đáp án thứ 4',0),(11491,2884,'Đáp án thứ 1',1),(11492,2884,'Đáp án thứ 2',0),(11493,2884,'Đáp án thứ 3',0),(11494,2884,'Đáp án thứ 4',0),(11495,2885,'Đáp án thứ 1',1),(11496,2885,'Đáp án thứ 2',0),(11497,2885,'Đáp án thứ 3',0),(11498,2885,'Đáp án thứ 4',0),(11499,2886,'Đáp án thứ 1',1),(11500,2886,'Đáp án thứ 2',1),(11501,2886,'Đáp án thứ 3',0),(11502,2886,'Đáp án thứ 4',0),(11503,2887,'Đáp án thứ 1',1),(11504,2887,'Đáp án thứ 2',1),(11505,2887,'Đáp án thứ 3',0),(11506,2887,'Đáp án thứ 4',0),(11507,2888,'Đáp án thứ 1',1),(11508,2888,'Đáp án thứ 2',0),(11509,2888,'Đáp án thứ 3',0),(11510,2888,'Đáp án thứ 4',0),(11511,2889,'Đáp án thứ 1',1),(11512,2889,'Đáp án thứ 2',0),(11513,2889,'Đáp án thứ 3',0),(11514,2889,'Đáp án thứ 4',0),(11515,2890,'Đáp án thứ 1',1),(11516,2890,'Đáp án thứ 2',0),(11517,2890,'Đáp án thứ 3',0),(11518,2890,'Đáp án thứ 4',0),(11519,2891,'Đáp án thứ 1',1),(11520,2891,'Đáp án thứ 2',1),(11521,2891,'Đáp án thứ 3',0),(11522,2891,'Đáp án thứ 4',0),(11523,2892,'Đáp án thứ 1',1),(11524,2892,'Đáp án thứ 2',0),(11525,2892,'Đáp án thứ 3',0),(11526,2892,'Đáp án thứ 4',0),(11527,2893,'Đáp án thứ 1',1),(11528,2893,'Đáp án thứ 2',0),(11529,2893,'Đáp án thứ 3',0),(11530,2893,'Đáp án thứ 4',0),(11531,2894,'Đáp án thứ 1',1),(11532,2894,'Đáp án thứ 2',0),(11533,2894,'Đáp án thứ 3',0),(11534,2894,'Đáp án thứ 4',0),(11535,2895,'Đáp án thứ 1',1),(11536,2895,'Đáp án thứ 2',1),(11537,2895,'Đáp án thứ 3',0),(11538,2895,'Đáp án thứ 4',0),(11539,2896,'Đáp án thứ 1',1),(11540,2896,'Đáp án thứ 2',0),(11541,2896,'Đáp án thứ 3',0),(11542,2896,'Đáp án thứ 4',0),(11543,2897,'Đáp án thứ 1',1),(11544,2897,'Đáp án thứ 2',0),(11545,2897,'Đáp án thứ 3',0),(11546,2897,'Đáp án thứ 4',0),(11547,2898,'Đáp án thứ 1',1),(11548,2898,'Đáp án thứ 2',0),(11549,2898,'Đáp án thứ 3',0),(11550,2898,'Đáp án thứ 4',0),(11551,2899,'Đáp án thứ 1',1),(11552,2899,'Đáp án thứ 2',1),(11553,2899,'Đáp án thứ 3',0),(11554,2899,'Đáp án thứ 4',0),(11555,2900,'Đáp án thứ 1',1),(11556,2900,'Đáp án thứ 2',0),(11557,2900,'Đáp án thứ 3',0),(11558,2900,'Đáp án thứ 4',0),(11559,2901,'Đáp án thứ 1',1),(11560,2901,'Đáp án thứ 2',0),(11561,2901,'Đáp án thứ 3',0),(11562,2901,'Đáp án thứ 4',0),(11563,2902,'Đáp án thứ 1',1),(11564,2902,'Đáp án thứ 2',0),(11565,2902,'Đáp án thứ 3',0),(11566,2902,'Đáp án thứ 4',0),(11567,2903,'Đáp án thứ 1',1),(11568,2903,'Đáp án thứ 2',1),(11569,2903,'Đáp án thứ 3',0),(11570,2903,'Đáp án thứ 4',0),(11571,2904,'Đáp án thứ 1',1),(11572,2904,'Đáp án thứ 2',1),(11573,2904,'Đáp án thứ 3',0),(11574,2904,'Đáp án thứ 4',0),(11575,2905,'Đáp án thứ 1',1),(11576,2905,'Đáp án thứ 2',1),(11577,2905,'Đáp án thứ 3',0),(11578,2905,'Đáp án thứ 4',0),(11579,2906,'Đáp án thứ 1',1),(11580,2906,'Đáp án thứ 2',0),(11581,2906,'Đáp án thứ 3',0),(11582,2906,'Đáp án thứ 4',0),(11583,2907,'Đáp án thứ 1',1),(11584,2907,'Đáp án thứ 2',1),(11585,2907,'Đáp án thứ 3',0),(11586,2907,'Đáp án thứ 4',0),(11587,2908,'Đáp án thứ 1',1),(11588,2908,'Đáp án thứ 2',0),(11589,2908,'Đáp án thứ 3',0),(11590,2908,'Đáp án thứ 4',0),(11591,2909,'Đáp án thứ 1',1),(11592,2909,'Đáp án thứ 2',0),(11593,2909,'Đáp án thứ 3',0),(11594,2909,'Đáp án thứ 4',0),(11595,2910,'Đáp án thứ 1',1),(11596,2910,'Đáp án thứ 2',0),(11597,2910,'Đáp án thứ 3',0),(11598,2910,'Đáp án thứ 4',0),(11599,2911,'Đáp án thứ 1',1),(11600,2911,'Đáp án thứ 2',0),(11601,2911,'Đáp án thứ 3',0),(11602,2911,'Đáp án thứ 4',0),(11603,2912,'Đáp án thứ 1',1),(11604,2912,'Đáp án thứ 2',0),(11605,2912,'Đáp án thứ 3',0),(11606,2912,'Đáp án thứ 4',0),(11607,2913,'Đáp án thứ 1',1),(11608,2913,'Đáp án thứ 2',0),(11609,2913,'Đáp án thứ 3',0),(11610,2913,'Đáp án thứ 4',0),(11611,2914,'Đáp án thứ 1',1),(11612,2914,'Đáp án thứ 2',1),(11613,2914,'Đáp án thứ 3',0),(11614,2914,'Đáp án thứ 4',0),(11615,2915,'Đáp án thứ 1',1),(11616,2915,'Đáp án thứ 2',0),(11617,2915,'Đáp án thứ 3',0),(11618,2915,'Đáp án thứ 4',0),(11619,2916,'Đáp án thứ 1',1),(11620,2916,'Đáp án thứ 2',1),(11621,2916,'Đáp án thứ 3',0),(11622,2916,'Đáp án thứ 4',0),(11623,2917,'Đáp án thứ 1',1),(11624,2917,'Đáp án thứ 2',0),(11625,2917,'Đáp án thứ 3',0),(11626,2917,'Đáp án thứ 4',0),(11627,2918,'Đáp án thứ 1',1),(11628,2918,'Đáp án thứ 2',0),(11629,2918,'Đáp án thứ 3',0),(11630,2918,'Đáp án thứ 4',0),(11631,2919,'Đáp án thứ 1',1),(11632,2919,'Đáp án thứ 2',1),(11633,2919,'Đáp án thứ 3',0),(11634,2919,'Đáp án thứ 4',0),(11635,2920,'Đáp án thứ 1',1),(11636,2920,'Đáp án thứ 2',1),(11637,2920,'Đáp án thứ 3',0),(11638,2920,'Đáp án thứ 4',0),(11639,2921,'Đáp án thứ 1',1),(11640,2921,'Đáp án thứ 2',1),(11641,2921,'Đáp án thứ 3',0),(11642,2921,'Đáp án thứ 4',0),(11643,2922,'Đáp án thứ 1',1),(11644,2922,'Đáp án thứ 2',0),(11645,2922,'Đáp án thứ 3',0),(11646,2922,'Đáp án thứ 4',0),(11647,2923,'Đáp án thứ 1',1),(11648,2923,'Đáp án thứ 2',0),(11649,2923,'Đáp án thứ 3',0),(11650,2923,'Đáp án thứ 4',0),(11651,2924,'Đáp án thứ 1',1),(11652,2924,'Đáp án thứ 2',0),(11653,2924,'Đáp án thứ 3',0),(11654,2924,'Đáp án thứ 4',0),(11655,2925,'Đáp án thứ 1',1),(11656,2925,'Đáp án thứ 2',1),(11657,2925,'Đáp án thứ 3',0),(11658,2925,'Đáp án thứ 4',0),(11659,2926,'Đáp án thứ 1',1),(11660,2926,'Đáp án thứ 2',0),(11661,2926,'Đáp án thứ 3',0),(11662,2926,'Đáp án thứ 4',0),(11663,2927,'Đáp án thứ 1',1),(11664,2927,'Đáp án thứ 2',0),(11665,2927,'Đáp án thứ 3',0),(11666,2927,'Đáp án thứ 4',0),(11667,2928,'Đáp án thứ 1',1),(11668,2928,'Đáp án thứ 2',1),(11669,2928,'Đáp án thứ 3',0),(11670,2928,'Đáp án thứ 4',0),(11671,2929,'Đáp án thứ 1',1),(11672,2929,'Đáp án thứ 2',0),(11673,2929,'Đáp án thứ 3',0),(11674,2929,'Đáp án thứ 4',0),(11675,2930,'Đáp án thứ 1',1),(11676,2930,'Đáp án thứ 2',1),(11677,2930,'Đáp án thứ 3',0),(11678,2930,'Đáp án thứ 4',0),(11679,2931,'Đáp án thứ 1',1),(11680,2931,'Đáp án thứ 2',0),(11681,2931,'Đáp án thứ 3',0),(11682,2931,'Đáp án thứ 4',0),(11683,2932,'Đáp án thứ 1',1),(11684,2932,'Đáp án thứ 2',0),(11685,2932,'Đáp án thứ 3',0),(11686,2932,'Đáp án thứ 4',0),(11687,2933,'Đáp án thứ 1',1),(11688,2933,'Đáp án thứ 2',0),(11689,2933,'Đáp án thứ 3',0),(11690,2933,'Đáp án thứ 4',0),(11691,2934,'Đáp án thứ 1',1),(11692,2934,'Đáp án thứ 2',0),(11693,2934,'Đáp án thứ 3',0),(11694,2934,'Đáp án thứ 4',0),(11695,2935,'Đáp án thứ 1',1),(11696,2935,'Đáp án thứ 2',0),(11697,2935,'Đáp án thứ 3',0),(11698,2935,'Đáp án thứ 4',0),(11699,2936,'Đáp án thứ 1',1),(11700,2936,'Đáp án thứ 2',0),(11701,2936,'Đáp án thứ 3',0),(11702,2936,'Đáp án thứ 4',0),(11703,2937,'Đáp án thứ 1',1),(11704,2937,'Đáp án thứ 2',0),(11705,2937,'Đáp án thứ 3',0),(11706,2937,'Đáp án thứ 4',0),(11707,2938,'Đáp án thứ 1',1),(11708,2938,'Đáp án thứ 2',0),(11709,2938,'Đáp án thứ 3',0),(11710,2938,'Đáp án thứ 4',0),(11711,2939,'Đáp án thứ 1',1),(11712,2939,'Đáp án thứ 2',1),(11713,2939,'Đáp án thứ 3',0),(11714,2939,'Đáp án thứ 4',0),(11715,2940,'Đáp án thứ 1',1),(11716,2940,'Đáp án thứ 2',0),(11717,2940,'Đáp án thứ 3',0),(11718,2940,'Đáp án thứ 4',0),(11719,2941,'Đáp án thứ 1',1),(11720,2941,'Đáp án thứ 2',0),(11721,2941,'Đáp án thứ 3',0),(11722,2941,'Đáp án thứ 4',0),(11723,2942,'Đáp án thứ 1',1),(11724,2942,'Đáp án thứ 2',0),(11725,2942,'Đáp án thứ 3',0),(11726,2942,'Đáp án thứ 4',0),(11727,2943,'Đáp án thứ 1',1),(11728,2943,'Đáp án thứ 2',0),(11729,2943,'Đáp án thứ 3',0),(11730,2943,'Đáp án thứ 4',0),(11731,2944,'Đáp án thứ 1',1),(11732,2944,'Đáp án thứ 2',1),(11733,2944,'Đáp án thứ 3',0),(11734,2944,'Đáp án thứ 4',0),(11735,2945,'Đáp án thứ 1',1),(11736,2945,'Đáp án thứ 2',0),(11737,2945,'Đáp án thứ 3',0),(11738,2945,'Đáp án thứ 4',0),(11739,2946,'Đáp án thứ 1',1),(11740,2946,'Đáp án thứ 2',1),(11741,2946,'Đáp án thứ 3',0),(11742,2946,'Đáp án thứ 4',0),(11743,2947,'Đáp án thứ 1',1),(11744,2947,'Đáp án thứ 2',0),(11745,2947,'Đáp án thứ 3',0),(11746,2947,'Đáp án thứ 4',0),(11747,2948,'Đáp án thứ 1',1),(11748,2948,'Đáp án thứ 2',1),(11749,2948,'Đáp án thứ 3',0),(11750,2948,'Đáp án thứ 4',0),(11751,2949,'Đáp án thứ 1',1),(11752,2949,'Đáp án thứ 2',0),(11753,2949,'Đáp án thứ 3',0),(11754,2949,'Đáp án thứ 4',0),(11755,2950,'Đáp án thứ 1',1),(11756,2950,'Đáp án thứ 2',0),(11757,2950,'Đáp án thứ 3',0),(11758,2950,'Đáp án thứ 4',0),(11759,2951,'Đáp án thứ 1',1),(11760,2951,'Đáp án thứ 2',1),(11761,2951,'Đáp án thứ 3',0),(11762,2951,'Đáp án thứ 4',0),(11763,2952,'Đáp án thứ 1',1),(11764,2952,'Đáp án thứ 2',1),(11765,2952,'Đáp án thứ 3',0),(11766,2952,'Đáp án thứ 4',0),(11767,2953,'Đáp án thứ 1',1),(11768,2953,'Đáp án thứ 2',0),(11769,2953,'Đáp án thứ 3',0),(11770,2953,'Đáp án thứ 4',0),(11771,2954,'Đáp án thứ 1',1),(11772,2954,'Đáp án thứ 2',0),(11773,2954,'Đáp án thứ 3',0),(11774,2954,'Đáp án thứ 4',0),(11775,2955,'Đáp án thứ 1',1),(11776,2955,'Đáp án thứ 2',0),(11777,2955,'Đáp án thứ 3',0),(11778,2955,'Đáp án thứ 4',0),(11779,2956,'Đáp án thứ 1',1),(11780,2956,'Đáp án thứ 2',1),(11781,2956,'Đáp án thứ 3',0),(11782,2956,'Đáp án thứ 4',0),(11783,2957,'Đáp án thứ 1',1),(11784,2957,'Đáp án thứ 2',1),(11785,2957,'Đáp án thứ 3',0),(11786,2957,'Đáp án thứ 4',0),(11787,2958,'Đáp án thứ 1',1),(11788,2958,'Đáp án thứ 2',1),(11789,2958,'Đáp án thứ 3',0),(11790,2958,'Đáp án thứ 4',0),(11791,2959,'Đáp án thứ 1',1),(11792,2959,'Đáp án thứ 2',0),(11793,2959,'Đáp án thứ 3',0),(11794,2959,'Đáp án thứ 4',0),(11795,2960,'Đáp án thứ 1',1),(11796,2960,'Đáp án thứ 2',0),(11797,2960,'Đáp án thứ 3',0),(11798,2960,'Đáp án thứ 4',0),(11799,2961,'Đáp án thứ 1',1),(11800,2961,'Đáp án thứ 2',0),(11801,2961,'Đáp án thứ 3',0),(11802,2961,'Đáp án thứ 4',0),(11803,2962,'Đáp án thứ 1',1),(11804,2962,'Đáp án thứ 2',0),(11805,2962,'Đáp án thứ 3',0),(11806,2962,'Đáp án thứ 4',0),(11807,2963,'Đáp án thứ 1',1),(11808,2963,'Đáp án thứ 2',0),(11809,2963,'Đáp án thứ 3',0),(11810,2963,'Đáp án thứ 4',0),(11811,2964,'Đáp án thứ 1',1),(11812,2964,'Đáp án thứ 2',0),(11813,2964,'Đáp án thứ 3',0),(11814,2964,'Đáp án thứ 4',0),(11815,2965,'Đáp án thứ 1',1),(11816,2965,'Đáp án thứ 2',0),(11817,2965,'Đáp án thứ 3',0),(11818,2965,'Đáp án thứ 4',0),(11819,2966,'Đáp án thứ 1',1),(11820,2966,'Đáp án thứ 2',0),(11821,2966,'Đáp án thứ 3',0),(11822,2966,'Đáp án thứ 4',0),(11823,2967,'Đáp án thứ 1',1),(11824,2967,'Đáp án thứ 2',0),(11825,2967,'Đáp án thứ 3',0),(11826,2967,'Đáp án thứ 4',0),(11827,2968,'Đáp án thứ 1',1),(11828,2968,'Đáp án thứ 2',0),(11829,2968,'Đáp án thứ 3',0),(11830,2968,'Đáp án thứ 4',0),(11831,2969,'Đáp án thứ 1',1),(11832,2969,'Đáp án thứ 2',1),(11833,2969,'Đáp án thứ 3',0),(11834,2969,'Đáp án thứ 4',0),(11835,2970,'Đáp án thứ 1',1),(11836,2970,'Đáp án thứ 2',0),(11837,2970,'Đáp án thứ 3',0),(11838,2970,'Đáp án thứ 4',0),(11839,2971,'Đáp án thứ 1',1),(11840,2971,'Đáp án thứ 2',0),(11841,2971,'Đáp án thứ 3',0),(11842,2971,'Đáp án thứ 4',0),(11843,2972,'Đáp án thứ 1',1),(11844,2972,'Đáp án thứ 2',0),(11845,2972,'Đáp án thứ 3',0),(11846,2972,'Đáp án thứ 4',0),(11847,2973,'Đáp án thứ 1',1),(11848,2973,'Đáp án thứ 2',0),(11849,2973,'Đáp án thứ 3',0),(11850,2973,'Đáp án thứ 4',0),(11851,2974,'Đáp án thứ 1',1),(11852,2974,'Đáp án thứ 2',0),(11853,2974,'Đáp án thứ 3',0),(11854,2974,'Đáp án thứ 4',0),(11855,2975,'Đáp án thứ 1',1),(11856,2975,'Đáp án thứ 2',0),(11857,2975,'Đáp án thứ 3',0),(11858,2975,'Đáp án thứ 4',0),(11859,2976,'Đáp án thứ 1',1),(11860,2976,'Đáp án thứ 2',1),(11861,2976,'Đáp án thứ 3',0),(11862,2976,'Đáp án thứ 4',0),(11863,2977,'Đáp án thứ 1',1),(11864,2977,'Đáp án thứ 2',1),(11865,2977,'Đáp án thứ 3',0),(11866,2977,'Đáp án thứ 4',0),(11867,2978,'Đáp án thứ 1',1),(11868,2978,'Đáp án thứ 2',1),(11869,2978,'Đáp án thứ 3',0),(11870,2978,'Đáp án thứ 4',0),(11871,2979,'Đáp án thứ 1',1),(11872,2979,'Đáp án thứ 2',0),(11873,2979,'Đáp án thứ 3',0),(11874,2979,'Đáp án thứ 4',0),(11875,2980,'Đáp án thứ 1',1),(11876,2980,'Đáp án thứ 2',0),(11877,2980,'Đáp án thứ 3',0),(11878,2980,'Đáp án thứ 4',0),(11879,2981,'Đáp án thứ 1',1),(11880,2981,'Đáp án thứ 2',1),(11881,2981,'Đáp án thứ 3',0),(11882,2981,'Đáp án thứ 4',0),(11883,2982,'Đáp án thứ 1',1),(11884,2982,'Đáp án thứ 2',0),(11885,2982,'Đáp án thứ 3',0),(11886,2982,'Đáp án thứ 4',0),(11887,2983,'Đáp án thứ 1',1),(11888,2983,'Đáp án thứ 2',1),(11889,2983,'Đáp án thứ 3',0),(11890,2983,'Đáp án thứ 4',0),(11891,2984,'Đáp án thứ 1',1),(11892,2984,'Đáp án thứ 2',0),(11893,2984,'Đáp án thứ 3',0),(11894,2984,'Đáp án thứ 4',0),(11895,2985,'Đáp án thứ 1',1),(11896,2985,'Đáp án thứ 2',1),(11897,2985,'Đáp án thứ 3',0),(11898,2985,'Đáp án thứ 4',0),(11899,2986,'Đáp án thứ 1',1),(11900,2986,'Đáp án thứ 2',0),(11901,2986,'Đáp án thứ 3',0),(11902,2986,'Đáp án thứ 4',0),(11903,2987,'Đáp án thứ 1',1),(11904,2987,'Đáp án thứ 2',1),(11905,2987,'Đáp án thứ 3',0),(11906,2987,'Đáp án thứ 4',0),(11907,2988,'Đáp án thứ 1',1),(11908,2988,'Đáp án thứ 2',0),(11909,2988,'Đáp án thứ 3',0),(11910,2988,'Đáp án thứ 4',0),(11911,2989,'Đáp án thứ 1',1),(11912,2989,'Đáp án thứ 2',1),(11913,2989,'Đáp án thứ 3',0),(11914,2989,'Đáp án thứ 4',0),(11915,2990,'Đáp án thứ 1',1),(11916,2990,'Đáp án thứ 2',1),(11917,2990,'Đáp án thứ 3',0),(11918,2990,'Đáp án thứ 4',0),(11919,2991,'Đáp án thứ 1',1),(11920,2991,'Đáp án thứ 2',1),(11921,2991,'Đáp án thứ 3',0),(11922,2991,'Đáp án thứ 4',0),(11923,2992,'Đáp án thứ 1',1),(11924,2992,'Đáp án thứ 2',1),(11925,2992,'Đáp án thứ 3',0),(11926,2992,'Đáp án thứ 4',0),(11927,2993,'Đáp án thứ 1',1),(11928,2993,'Đáp án thứ 2',0),(11929,2993,'Đáp án thứ 3',0),(11930,2993,'Đáp án thứ 4',0),(11931,2994,'Đáp án thứ 1',1),(11932,2994,'Đáp án thứ 2',0),(11933,2994,'Đáp án thứ 3',0),(11934,2994,'Đáp án thứ 4',0),(11935,2995,'Đáp án thứ 1',1),(11936,2995,'Đáp án thứ 2',1),(11937,2995,'Đáp án thứ 3',0),(11938,2995,'Đáp án thứ 4',0),(11939,2996,'Đáp án thứ 1',1),(11940,2996,'Đáp án thứ 2',0),(11941,2996,'Đáp án thứ 3',0),(11942,2996,'Đáp án thứ 4',0),(11943,2997,'Đáp án thứ 1',1),(11944,2997,'Đáp án thứ 2',0),(11945,2997,'Đáp án thứ 3',0),(11946,2997,'Đáp án thứ 4',0),(11947,2998,'Đáp án thứ 1',1),(11948,2998,'Đáp án thứ 2',1),(11949,2998,'Đáp án thứ 3',0),(11950,2998,'Đáp án thứ 4',0),(11951,2999,'Đáp án thứ 1',1),(11952,2999,'Đáp án thứ 2',0),(11953,2999,'Đáp án thứ 3',0),(11954,2999,'Đáp án thứ 4',0),(11955,3000,'Đáp án thứ 1',1),(11956,3000,'Đáp án thứ 2',1),(11957,3000,'Đáp án thứ 3',0),(11958,3000,'Đáp án thứ 4',0),(11959,3001,'Đáp án thứ 1',1),(11960,3001,'Đáp án thứ 2',0),(11961,3001,'Đáp án thứ 3',0),(11962,3001,'Đáp án thứ 4',0),(11963,3002,'Đáp án thứ 1',1),(11964,3002,'Đáp án thứ 2',0),(11965,3002,'Đáp án thứ 3',0),(11966,3002,'Đáp án thứ 4',0),(11967,3003,'Đáp án thứ 1',1),(11968,3003,'Đáp án thứ 2',0),(11969,3003,'Đáp án thứ 3',0),(11970,3003,'Đáp án thứ 4',0),(11971,3004,'Đáp án thứ 1',1),(11972,3004,'Đáp án thứ 2',0),(11973,3004,'Đáp án thứ 3',0),(11974,3004,'Đáp án thứ 4',0),(11975,3005,'Đáp án thứ 1',1),(11976,3005,'Đáp án thứ 2',0),(11977,3005,'Đáp án thứ 3',0),(11978,3005,'Đáp án thứ 4',0),(11979,3006,'Đáp án thứ 1',1),(11980,3006,'Đáp án thứ 2',0),(11981,3006,'Đáp án thứ 3',0),(11982,3006,'Đáp án thứ 4',0),(11983,3007,'Đáp án thứ 1',1),(11984,3007,'Đáp án thứ 2',0),(11985,3007,'Đáp án thứ 3',0),(11986,3007,'Đáp án thứ 4',0),(11987,3008,'Đáp án thứ 1',1),(11988,3008,'Đáp án thứ 2',1),(11989,3008,'Đáp án thứ 3',0),(11990,3008,'Đáp án thứ 4',0),(11991,3009,'Đáp án thứ 1',1),(11992,3009,'Đáp án thứ 2',1),(11993,3009,'Đáp án thứ 3',0),(11994,3009,'Đáp án thứ 4',0),(11995,3010,'Đáp án thứ 1',1),(11996,3010,'Đáp án thứ 2',1),(11997,3010,'Đáp án thứ 3',0),(11998,3010,'Đáp án thứ 4',0),(11999,3011,'Đáp án thứ 1',1),(12000,3011,'Đáp án thứ 2',0),(12001,3011,'Đáp án thứ 3',0),(12002,3011,'Đáp án thứ 4',0),(12003,3012,'Đáp án thứ 1',1),(12004,3012,'Đáp án thứ 2',1),(12005,3012,'Đáp án thứ 3',0),(12006,3012,'Đáp án thứ 4',0),(12007,3013,'Đáp án thứ 1',1),(12008,3013,'Đáp án thứ 2',0),(12009,3013,'Đáp án thứ 3',0),(12010,3013,'Đáp án thứ 4',0),(12011,3014,'Đáp án thứ 1',1),(12012,3014,'Đáp án thứ 2',0),(12013,3014,'Đáp án thứ 3',0),(12014,3014,'Đáp án thứ 4',0),(12015,3015,'Đáp án thứ 1',1),(12016,3015,'Đáp án thứ 2',0),(12017,3015,'Đáp án thứ 3',0),(12018,3015,'Đáp án thứ 4',0),(12019,3016,'Đáp án thứ 1',1),(12020,3016,'Đáp án thứ 2',1),(12021,3016,'Đáp án thứ 3',0),(12022,3016,'Đáp án thứ 4',0),(12023,3017,'Đáp án thứ 1',1),(12024,3017,'Đáp án thứ 2',1),(12025,3017,'Đáp án thứ 3',0),(12026,3017,'Đáp án thứ 4',0),(12027,3018,'Đáp án thứ 1',1),(12028,3018,'Đáp án thứ 2',1),(12029,3018,'Đáp án thứ 3',0),(12030,3018,'Đáp án thứ 4',0),(12031,3019,'Đáp án thứ 1',1),(12032,3019,'Đáp án thứ 2',1),(12033,3019,'Đáp án thứ 3',0),(12034,3019,'Đáp án thứ 4',0),(12035,3020,'Đáp án thứ 1',1),(12036,3020,'Đáp án thứ 2',0),(12037,3020,'Đáp án thứ 3',0),(12038,3020,'Đáp án thứ 4',0),(12039,3021,'Đáp án thứ 1',1),(12040,3021,'Đáp án thứ 2',0),(12041,3021,'Đáp án thứ 3',0),(12042,3021,'Đáp án thứ 4',0),(12043,3022,'Đáp án thứ 1',1),(12044,3022,'Đáp án thứ 2',0),(12045,3022,'Đáp án thứ 3',0),(12046,3022,'Đáp án thứ 4',0),(12047,3023,'Đáp án thứ 1',1),(12048,3023,'Đáp án thứ 2',0),(12049,3023,'Đáp án thứ 3',0),(12050,3023,'Đáp án thứ 4',0),(12051,3024,'Đáp án thứ 1',1),(12052,3024,'Đáp án thứ 2',0),(12053,3024,'Đáp án thứ 3',0),(12054,3024,'Đáp án thứ 4',0),(12055,3025,'Đáp án thứ 1',1),(12056,3025,'Đáp án thứ 2',1),(12057,3025,'Đáp án thứ 3',0),(12058,3025,'Đáp án thứ 4',0),(12059,3026,'Đáp án thứ 1',1),(12060,3026,'Đáp án thứ 2',0),(12061,3026,'Đáp án thứ 3',0),(12062,3026,'Đáp án thứ 4',0),(12063,3027,'Đáp án thứ 1',1),(12064,3027,'Đáp án thứ 2',0),(12065,3027,'Đáp án thứ 3',0),(12066,3027,'Đáp án thứ 4',0),(12067,3028,'Đáp án thứ 1',1),(12068,3028,'Đáp án thứ 2',1),(12069,3028,'Đáp án thứ 3',0),(12070,3028,'Đáp án thứ 4',0),(12071,3029,'Đáp án thứ 1',1),(12072,3029,'Đáp án thứ 2',1),(12073,3029,'Đáp án thứ 3',0),(12074,3029,'Đáp án thứ 4',0),(12075,3030,'Đáp án thứ 1',1),(12076,3030,'Đáp án thứ 2',0),(12077,3030,'Đáp án thứ 3',0),(12078,3030,'Đáp án thứ 4',0),(12079,3031,'Đáp án thứ 1',1),(12080,3031,'Đáp án thứ 2',0),(12081,3031,'Đáp án thứ 3',0),(12082,3031,'Đáp án thứ 4',0),(12083,3032,'Đáp án thứ 1',1),(12084,3032,'Đáp án thứ 2',0),(12085,3032,'Đáp án thứ 3',0),(12086,3032,'Đáp án thứ 4',0),(12087,3033,'Đáp án thứ 1',1),(12088,3033,'Đáp án thứ 2',1),(12089,3033,'Đáp án thứ 3',0),(12090,3033,'Đáp án thứ 4',0),(12091,3034,'Đáp án thứ 1',1),(12092,3034,'Đáp án thứ 2',0),(12093,3034,'Đáp án thứ 3',0),(12094,3034,'Đáp án thứ 4',0),(12095,3035,'Đáp án thứ 1',1),(12096,3035,'Đáp án thứ 2',1),(12097,3035,'Đáp án thứ 3',0),(12098,3035,'Đáp án thứ 4',0),(12099,3036,'Đáp án thứ 1',1),(12100,3036,'Đáp án thứ 2',0),(12101,3036,'Đáp án thứ 3',0),(12102,3036,'Đáp án thứ 4',0),(12103,3037,'Đáp án thứ 1',1),(12104,3037,'Đáp án thứ 2',1),(12105,3037,'Đáp án thứ 3',0),(12106,3037,'Đáp án thứ 4',0),(12107,3038,'Đáp án thứ 1',1),(12108,3038,'Đáp án thứ 2',1),(12109,3038,'Đáp án thứ 3',0),(12110,3038,'Đáp án thứ 4',0),(12111,3039,'Đáp án thứ 1',1),(12112,3039,'Đáp án thứ 2',0),(12113,3039,'Đáp án thứ 3',0),(12114,3039,'Đáp án thứ 4',0),(12115,3040,'Đáp án thứ 1',1),(12116,3040,'Đáp án thứ 2',0),(12117,3040,'Đáp án thứ 3',0),(12118,3040,'Đáp án thứ 4',0),(12119,3041,'Đáp án thứ 1',1),(12120,3041,'Đáp án thứ 2',0),(12121,3041,'Đáp án thứ 3',0),(12122,3041,'Đáp án thứ 4',0),(12123,3042,'Đáp án thứ 1',1),(12124,3042,'Đáp án thứ 2',0),(12125,3042,'Đáp án thứ 3',0),(12126,3042,'Đáp án thứ 4',0),(12127,3043,'Đáp án thứ 1',1),(12128,3043,'Đáp án thứ 2',0),(12129,3043,'Đáp án thứ 3',0),(12130,3043,'Đáp án thứ 4',0),(12131,3044,'Đáp án thứ 1',1),(12132,3044,'Đáp án thứ 2',0),(12133,3044,'Đáp án thứ 3',0),(12134,3044,'Đáp án thứ 4',0),(12135,3045,'Đáp án thứ 1',1),(12136,3045,'Đáp án thứ 2',0),(12137,3045,'Đáp án thứ 3',0),(12138,3045,'Đáp án thứ 4',0),(12139,3046,'Đáp án thứ 1',1),(12140,3046,'Đáp án thứ 2',1),(12141,3046,'Đáp án thứ 3',0),(12142,3046,'Đáp án thứ 4',0),(12143,3047,'Đáp án thứ 1',1),(12144,3047,'Đáp án thứ 2',1),(12145,3047,'Đáp án thứ 3',0),(12146,3047,'Đáp án thứ 4',0),(12147,3048,'Đáp án thứ 1',1),(12148,3048,'Đáp án thứ 2',0),(12149,3048,'Đáp án thứ 3',0),(12150,3048,'Đáp án thứ 4',0),(12151,3049,'Đáp án thứ 1',1),(12152,3049,'Đáp án thứ 2',0),(12153,3049,'Đáp án thứ 3',0),(12154,3049,'Đáp án thứ 4',0),(12155,3050,'Đáp án thứ 1',1),(12156,3050,'Đáp án thứ 2',0),(12157,3050,'Đáp án thứ 3',0),(12158,3050,'Đáp án thứ 4',0),(12159,3051,'Đáp án thứ 1',1),(12160,3051,'Đáp án thứ 2',0),(12161,3051,'Đáp án thứ 3',0),(12162,3051,'Đáp án thứ 4',0),(12163,3052,'Đáp án thứ 1',1),(12164,3052,'Đáp án thứ 2',0),(12165,3052,'Đáp án thứ 3',0),(12166,3052,'Đáp án thứ 4',0),(12167,3053,'Đáp án thứ 1',1),(12168,3053,'Đáp án thứ 2',0),(12169,3053,'Đáp án thứ 3',0),(12170,3053,'Đáp án thứ 4',0),(12171,3054,'Đáp án thứ 1',1),(12172,3054,'Đáp án thứ 2',1),(12173,3054,'Đáp án thứ 3',0),(12174,3054,'Đáp án thứ 4',0),(12175,3055,'Đáp án thứ 1',1),(12176,3055,'Đáp án thứ 2',1),(12177,3055,'Đáp án thứ 3',0),(12178,3055,'Đáp án thứ 4',0),(12179,3056,'Đáp án thứ 1',1),(12180,3056,'Đáp án thứ 2',1),(12181,3056,'Đáp án thứ 3',0),(12182,3056,'Đáp án thứ 4',0),(12183,3057,'Đáp án thứ 1',1),(12184,3057,'Đáp án thứ 2',0),(12185,3057,'Đáp án thứ 3',0),(12186,3057,'Đáp án thứ 4',0),(12187,3058,'Đáp án thứ 1',1),(12188,3058,'Đáp án thứ 2',1),(12189,3058,'Đáp án thứ 3',0),(12190,3058,'Đáp án thứ 4',0),(12191,3059,'Đáp án thứ 1',1),(12192,3059,'Đáp án thứ 2',1),(12193,3059,'Đáp án thứ 3',0),(12194,3059,'Đáp án thứ 4',0),(12195,3060,'Đáp án thứ 1',1),(12196,3060,'Đáp án thứ 2',1),(12197,3060,'Đáp án thứ 3',0),(12198,3060,'Đáp án thứ 4',0),(12199,3061,'Đáp án thứ 1',1),(12200,3061,'Đáp án thứ 2',0),(12201,3061,'Đáp án thứ 3',0),(12202,3061,'Đáp án thứ 4',0),(12203,3062,'Đáp án thứ 1',1),(12204,3062,'Đáp án thứ 2',0),(12205,3062,'Đáp án thứ 3',0),(12206,3062,'Đáp án thứ 4',0),(12207,3063,'Đáp án thứ 1',1),(12208,3063,'Đáp án thứ 2',0),(12209,3063,'Đáp án thứ 3',0),(12210,3063,'Đáp án thứ 4',0),(12211,3064,'Đáp án thứ 1',1),(12212,3064,'Đáp án thứ 2',1),(12213,3064,'Đáp án thứ 3',0),(12214,3064,'Đáp án thứ 4',0),(12215,3065,'Đáp án thứ 1',1),(12216,3065,'Đáp án thứ 2',1),(12217,3065,'Đáp án thứ 3',0),(12218,3065,'Đáp án thứ 4',0),(12219,3066,'Đáp án thứ 1',1),(12220,3066,'Đáp án thứ 2',1),(12221,3066,'Đáp án thứ 3',0),(12222,3066,'Đáp án thứ 4',0),(12223,3067,'Đáp án thứ 1',1),(12224,3067,'Đáp án thứ 2',1),(12225,3067,'Đáp án thứ 3',0),(12226,3067,'Đáp án thứ 4',0),(12227,3068,'Đáp án thứ 1',1),(12228,3068,'Đáp án thứ 2',1),(12229,3068,'Đáp án thứ 3',0),(12230,3068,'Đáp án thứ 4',0),(12231,3069,'Đáp án thứ 1',1),(12232,3069,'Đáp án thứ 2',0),(12233,3069,'Đáp án thứ 3',0),(12234,3069,'Đáp án thứ 4',0),(12235,3070,'Đáp án thứ 1',1),(12236,3070,'Đáp án thứ 2',0),(12237,3070,'Đáp án thứ 3',0),(12238,3070,'Đáp án thứ 4',0),(12239,3071,'Đáp án thứ 1',1),(12240,3071,'Đáp án thứ 2',0),(12241,3071,'Đáp án thứ 3',0),(12242,3071,'Đáp án thứ 4',0),(12243,3072,'Đáp án thứ 1',1),(12244,3072,'Đáp án thứ 2',0),(12245,3072,'Đáp án thứ 3',0),(12246,3072,'Đáp án thứ 4',0),(12247,3073,'Đáp án thứ 1',1),(12248,3073,'Đáp án thứ 2',1),(12249,3073,'Đáp án thứ 3',0),(12250,3073,'Đáp án thứ 4',0),(12251,3074,'Đáp án thứ 1',1),(12252,3074,'Đáp án thứ 2',0),(12253,3074,'Đáp án thứ 3',0),(12254,3074,'Đáp án thứ 4',0),(12255,3075,'Đáp án thứ 1',1),(12256,3075,'Đáp án thứ 2',0),(12257,3075,'Đáp án thứ 3',0),(12258,3075,'Đáp án thứ 4',0),(12259,3076,'Đáp án thứ 1',1),(12260,3076,'Đáp án thứ 2',0),(12261,3076,'Đáp án thứ 3',0),(12262,3076,'Đáp án thứ 4',0),(12263,3077,'Đáp án thứ 1',1),(12264,3077,'Đáp án thứ 2',0),(12265,3077,'Đáp án thứ 3',0),(12266,3077,'Đáp án thứ 4',0),(12267,3078,'Đáp án thứ 1',1),(12268,3078,'Đáp án thứ 2',0),(12269,3078,'Đáp án thứ 3',0),(12270,3078,'Đáp án thứ 4',0),(12271,3079,'Đáp án thứ 1',1),(12272,3079,'Đáp án thứ 2',0),(12273,3079,'Đáp án thứ 3',0),(12274,3079,'Đáp án thứ 4',0),(12275,3080,'Đáp án thứ 1',1),(12276,3080,'Đáp án thứ 2',1),(12277,3080,'Đáp án thứ 3',0),(12278,3080,'Đáp án thứ 4',0),(12279,3081,'Đáp án thứ 1',1),(12280,3081,'Đáp án thứ 2',1),(12281,3081,'Đáp án thứ 3',0),(12282,3081,'Đáp án thứ 4',0),(12283,3082,'Đáp án thứ 1',1),(12284,3082,'Đáp án thứ 2',0),(12285,3082,'Đáp án thứ 3',0),(12286,3082,'Đáp án thứ 4',0),(12287,3083,'Đáp án thứ 1',1),(12288,3083,'Đáp án thứ 2',0),(12289,3083,'Đáp án thứ 3',0),(12290,3083,'Đáp án thứ 4',0),(12291,3084,'Đáp án thứ 1',1),(12292,3084,'Đáp án thứ 2',0),(12293,3084,'Đáp án thứ 3',0),(12294,3084,'Đáp án thứ 4',0),(12295,3085,'Đáp án thứ 1',1),(12296,3085,'Đáp án thứ 2',0),(12297,3085,'Đáp án thứ 3',0),(12298,3085,'Đáp án thứ 4',0),(12299,3086,'Đáp án thứ 1',1),(12300,3086,'Đáp án thứ 2',1),(12301,3086,'Đáp án thứ 3',0),(12302,3086,'Đáp án thứ 4',0),(12303,3087,'Đáp án thứ 1',1),(12304,3087,'Đáp án thứ 2',1),(12305,3087,'Đáp án thứ 3',0),(12306,3087,'Đáp án thứ 4',0),(12307,3088,'Đáp án thứ 1',1),(12308,3088,'Đáp án thứ 2',1),(12309,3088,'Đáp án thứ 3',0),(12310,3088,'Đáp án thứ 4',0),(12311,3089,'Đáp án thứ 1',1),(12312,3089,'Đáp án thứ 2',0),(12313,3089,'Đáp án thứ 3',0),(12314,3089,'Đáp án thứ 4',0),(12315,3090,'Đáp án thứ 1',1),(12316,3090,'Đáp án thứ 2',1),(12317,3090,'Đáp án thứ 3',0),(12318,3090,'Đáp án thứ 4',0),(12319,3091,'Đáp án thứ 1',1),(12320,3091,'Đáp án thứ 2',0),(12321,3091,'Đáp án thứ 3',0),(12322,3091,'Đáp án thứ 4',0),(12323,3092,'Đáp án thứ 1',1),(12324,3092,'Đáp án thứ 2',0),(12325,3092,'Đáp án thứ 3',0),(12326,3092,'Đáp án thứ 4',0),(12327,3093,'Đáp án thứ 1',1),(12328,3093,'Đáp án thứ 2',0),(12329,3093,'Đáp án thứ 3',0),(12330,3093,'Đáp án thứ 4',0),(12331,3094,'Đáp án thứ 1',1),(12332,3094,'Đáp án thứ 2',0),(12333,3094,'Đáp án thứ 3',0),(12334,3094,'Đáp án thứ 4',0),(12335,3095,'Đáp án thứ 1',1),(12336,3095,'Đáp án thứ 2',0),(12337,3095,'Đáp án thứ 3',0),(12338,3095,'Đáp án thứ 4',0),(12339,3096,'Đáp án thứ 1',1),(12340,3096,'Đáp án thứ 2',1),(12341,3096,'Đáp án thứ 3',0),(12342,3096,'Đáp án thứ 4',0),(12343,3097,'Đáp án thứ 1',1),(12344,3097,'Đáp án thứ 2',0),(12345,3097,'Đáp án thứ 3',0),(12346,3097,'Đáp án thứ 4',0),(12347,3098,'Đáp án thứ 1',1),(12348,3098,'Đáp án thứ 2',0),(12349,3098,'Đáp án thứ 3',0),(12350,3098,'Đáp án thứ 4',0),(12351,3099,'Đáp án thứ 1',1),(12352,3099,'Đáp án thứ 2',0),(12353,3099,'Đáp án thứ 3',0),(12354,3099,'Đáp án thứ 4',0),(12355,3100,'Đáp án thứ 1',1),(12356,3100,'Đáp án thứ 2',0),(12357,3100,'Đáp án thứ 3',0),(12358,3100,'Đáp án thứ 4',0),(12359,3101,'Đáp án thứ 1',1),(12360,3101,'Đáp án thứ 2',0),(12361,3101,'Đáp án thứ 3',0),(12362,3101,'Đáp án thứ 4',0),(12363,3102,'Đáp án thứ 1',1),(12364,3102,'Đáp án thứ 2',0),(12365,3102,'Đáp án thứ 3',0),(12366,3102,'Đáp án thứ 4',0),(12367,3103,'Đáp án thứ 1',1),(12368,3103,'Đáp án thứ 2',0),(12369,3103,'Đáp án thứ 3',0),(12370,3103,'Đáp án thứ 4',0),(12371,3104,'Đáp án thứ 1',1),(12372,3104,'Đáp án thứ 2',0),(12373,3104,'Đáp án thứ 3',0),(12374,3104,'Đáp án thứ 4',0),(12375,3105,'Đáp án thứ 1',1),(12376,3105,'Đáp án thứ 2',0),(12377,3105,'Đáp án thứ 3',0),(12378,3105,'Đáp án thứ 4',0),(12379,3106,'Đáp án thứ 1',1),(12380,3106,'Đáp án thứ 2',0),(12381,3106,'Đáp án thứ 3',0),(12382,3106,'Đáp án thứ 4',0),(12383,3107,'Đáp án thứ 1',1),(12384,3107,'Đáp án thứ 2',0),(12385,3107,'Đáp án thứ 3',0),(12386,3107,'Đáp án thứ 4',0),(12387,3108,'Đáp án thứ 1',1),(12388,3108,'Đáp án thứ 2',0),(12389,3108,'Đáp án thứ 3',0),(12390,3108,'Đáp án thứ 4',0),(12391,3109,'Đáp án thứ 1',1),(12392,3109,'Đáp án thứ 2',0),(12393,3109,'Đáp án thứ 3',0),(12394,3109,'Đáp án thứ 4',0),(12395,3110,'Đáp án thứ 1',1),(12396,3110,'Đáp án thứ 2',1),(12397,3110,'Đáp án thứ 3',0),(12398,3110,'Đáp án thứ 4',0),(12399,3111,'Đáp án thứ 1',1),(12400,3111,'Đáp án thứ 2',1),(12401,3111,'Đáp án thứ 3',0),(12402,3111,'Đáp án thứ 4',0),(12403,3112,'Đáp án thứ 1',1),(12404,3112,'Đáp án thứ 2',0),(12405,3112,'Đáp án thứ 3',0),(12406,3112,'Đáp án thứ 4',0),(12407,3113,'Đáp án thứ 1',1),(12408,3113,'Đáp án thứ 2',0),(12409,3113,'Đáp án thứ 3',0),(12410,3113,'Đáp án thứ 4',0),(12411,3114,'Đáp án thứ 1',1),(12412,3114,'Đáp án thứ 2',0),(12413,3114,'Đáp án thứ 3',0),(12414,3114,'Đáp án thứ 4',0),(12415,3115,'Đáp án thứ 1',1),(12416,3115,'Đáp án thứ 2',1),(12417,3115,'Đáp án thứ 3',0),(12418,3115,'Đáp án thứ 4',0),(12419,3116,'Đáp án thứ 1',1),(12420,3116,'Đáp án thứ 2',0),(12421,3116,'Đáp án thứ 3',0),(12422,3116,'Đáp án thứ 4',0),(12423,3117,'Đáp án thứ 1',1),(12424,3117,'Đáp án thứ 2',0),(12425,3117,'Đáp án thứ 3',0),(12426,3117,'Đáp án thứ 4',0),(12427,3118,'Đáp án thứ 1',1),(12428,3118,'Đáp án thứ 2',0),(12429,3118,'Đáp án thứ 3',0),(12430,3118,'Đáp án thứ 4',0),(12431,3119,'Đáp án thứ 1',1),(12432,3119,'Đáp án thứ 2',0),(12433,3119,'Đáp án thứ 3',0),(12434,3119,'Đáp án thứ 4',0),(12435,3120,'Đáp án thứ 1',1),(12436,3120,'Đáp án thứ 2',0),(12437,3120,'Đáp án thứ 3',0),(12438,3120,'Đáp án thứ 4',0),(12439,3121,'Đáp án thứ 1',1),(12440,3121,'Đáp án thứ 2',0),(12441,3121,'Đáp án thứ 3',0),(12442,3121,'Đáp án thứ 4',0),(12443,3122,'Đáp án thứ 1',1),(12444,3122,'Đáp án thứ 2',0),(12445,3122,'Đáp án thứ 3',0),(12446,3122,'Đáp án thứ 4',0),(12447,3123,'Đáp án thứ 1',1),(12448,3123,'Đáp án thứ 2',0),(12449,3123,'Đáp án thứ 3',0),(12450,3123,'Đáp án thứ 4',0),(12451,3124,'Đáp án thứ 1',1),(12452,3124,'Đáp án thứ 2',0),(12453,3124,'Đáp án thứ 3',0),(12454,3124,'Đáp án thứ 4',0),(12455,3125,'Đáp án thứ 1',1),(12456,3125,'Đáp án thứ 2',0),(12457,3125,'Đáp án thứ 3',0),(12458,3125,'Đáp án thứ 4',0),(12459,3126,'Đáp án thứ 1',1),(12460,3126,'Đáp án thứ 2',0),(12461,3126,'Đáp án thứ 3',0),(12462,3126,'Đáp án thứ 4',0),(12463,3127,'Đáp án thứ 1',1),(12464,3127,'Đáp án thứ 2',1),(12465,3127,'Đáp án thứ 3',0),(12466,3127,'Đáp án thứ 4',0),(12467,3128,'Đáp án thứ 1',1),(12468,3128,'Đáp án thứ 2',0),(12469,3128,'Đáp án thứ 3',0),(12470,3128,'Đáp án thứ 4',0),(12471,3129,'Đáp án thứ 1',1),(12472,3129,'Đáp án thứ 2',0),(12473,3129,'Đáp án thứ 3',0),(12474,3129,'Đáp án thứ 4',0),(12475,3130,'Đáp án thứ 1',1),(12476,3130,'Đáp án thứ 2',0),(12477,3130,'Đáp án thứ 3',0),(12478,3130,'Đáp án thứ 4',0),(12479,3131,'Đáp án thứ 1',1),(12480,3131,'Đáp án thứ 2',0),(12481,3131,'Đáp án thứ 3',0),(12482,3131,'Đáp án thứ 4',0),(12483,3132,'Đáp án thứ 1',1),(12484,3132,'Đáp án thứ 2',0),(12485,3132,'Đáp án thứ 3',0),(12486,3132,'Đáp án thứ 4',0),(12487,3133,'Đáp án thứ 1',1),(12488,3133,'Đáp án thứ 2',0),(12489,3133,'Đáp án thứ 3',0),(12490,3133,'Đáp án thứ 4',0),(12491,3134,'Đáp án thứ 1',1),(12492,3134,'Đáp án thứ 2',1),(12493,3134,'Đáp án thứ 3',0),(12494,3134,'Đáp án thứ 4',0),(12495,3135,'Đáp án thứ 1',1),(12496,3135,'Đáp án thứ 2',1),(12497,3135,'Đáp án thứ 3',0),(12498,3135,'Đáp án thứ 4',0),(12499,3136,'Đáp án thứ 1',1),(12500,3136,'Đáp án thứ 2',0),(12501,3136,'Đáp án thứ 3',0),(12502,3136,'Đáp án thứ 4',0),(12503,3137,'Đáp án thứ 1',1),(12504,3137,'Đáp án thứ 2',1),(12505,3137,'Đáp án thứ 3',0),(12506,3137,'Đáp án thứ 4',0),(12507,3138,'Đáp án thứ 1',1),(12508,3138,'Đáp án thứ 2',0),(12509,3138,'Đáp án thứ 3',0),(12510,3138,'Đáp án thứ 4',0),(12511,3139,'Đáp án thứ 1',1),(12512,3139,'Đáp án thứ 2',0),(12513,3139,'Đáp án thứ 3',0),(12514,3139,'Đáp án thứ 4',0),(12515,3140,'Đáp án thứ 1',1),(12516,3140,'Đáp án thứ 2',0),(12517,3140,'Đáp án thứ 3',0),(12518,3140,'Đáp án thứ 4',0),(12519,3141,'Đáp án thứ 1',1),(12520,3141,'Đáp án thứ 2',1),(12521,3141,'Đáp án thứ 3',0),(12522,3141,'Đáp án thứ 4',0),(12523,3142,'Đáp án thứ 1',1),(12524,3142,'Đáp án thứ 2',1),(12525,3142,'Đáp án thứ 3',0),(12526,3142,'Đáp án thứ 4',0),(12527,3143,'Đáp án thứ 1',1),(12528,3143,'Đáp án thứ 2',0),(12529,3143,'Đáp án thứ 3',0),(12530,3143,'Đáp án thứ 4',0),(12531,3144,'Đáp án thứ 1',1),(12532,3144,'Đáp án thứ 2',0),(12533,3144,'Đáp án thứ 3',0),(12534,3144,'Đáp án thứ 4',0),(12535,3145,'Đáp án thứ 1',1),(12536,3145,'Đáp án thứ 2',0),(12537,3145,'Đáp án thứ 3',0),(12538,3145,'Đáp án thứ 4',0),(12539,3146,'Đáp án thứ 1',1),(12540,3146,'Đáp án thứ 2',1),(12541,3146,'Đáp án thứ 3',0),(12542,3146,'Đáp án thứ 4',0),(12543,3147,'Đáp án thứ 1',1),(12544,3147,'Đáp án thứ 2',0),(12545,3147,'Đáp án thứ 3',0),(12546,3147,'Đáp án thứ 4',0),(12547,3148,'Đáp án thứ 1',1),(12548,3148,'Đáp án thứ 2',1),(12549,3148,'Đáp án thứ 3',0),(12550,3148,'Đáp án thứ 4',0),(12551,3149,'Đáp án thứ 1',1),(12552,3149,'Đáp án thứ 2',0),(12553,3149,'Đáp án thứ 3',0),(12554,3149,'Đáp án thứ 4',0),(12555,3150,'Đáp án thứ 1',1),(12556,3150,'Đáp án thứ 2',0),(12557,3150,'Đáp án thứ 3',0),(12558,3150,'Đáp án thứ 4',0),(12559,3151,'Đáp án thứ 1',1),(12560,3151,'Đáp án thứ 2',0),(12561,3151,'Đáp án thứ 3',0),(12562,3151,'Đáp án thứ 4',0),(12563,3152,'Đáp án thứ 1',1),(12564,3152,'Đáp án thứ 2',1),(12565,3152,'Đáp án thứ 3',0),(12566,3152,'Đáp án thứ 4',0),(12567,3153,'Đáp án thứ 1',1),(12568,3153,'Đáp án thứ 2',1),(12569,3153,'Đáp án thứ 3',0),(12570,3153,'Đáp án thứ 4',0),(12571,3154,'Đáp án thứ 1',1),(12572,3154,'Đáp án thứ 2',1),(12573,3154,'Đáp án thứ 3',0),(12574,3154,'Đáp án thứ 4',0),(12575,3155,'Đáp án thứ 1',1),(12576,3155,'Đáp án thứ 2',0),(12577,3155,'Đáp án thứ 3',0),(12578,3155,'Đáp án thứ 4',0),(12579,3156,'Đáp án thứ 1',1),(12580,3156,'Đáp án thứ 2',0),(12581,3156,'Đáp án thứ 3',0),(12582,3156,'Đáp án thứ 4',0),(12583,3157,'Đáp án thứ 1',1),(12584,3157,'Đáp án thứ 2',0),(12585,3157,'Đáp án thứ 3',0),(12586,3157,'Đáp án thứ 4',0),(12587,3158,'Đáp án thứ 1',1),(12588,3158,'Đáp án thứ 2',0),(12589,3158,'Đáp án thứ 3',0),(12590,3158,'Đáp án thứ 4',0),(12591,3159,'Đáp án thứ 1',1),(12592,3159,'Đáp án thứ 2',0),(12593,3159,'Đáp án thứ 3',0),(12594,3159,'Đáp án thứ 4',0),(12595,3160,'Đáp án thứ 1',1),(12596,3160,'Đáp án thứ 2',0),(12597,3160,'Đáp án thứ 3',0),(12598,3160,'Đáp án thứ 4',0),(12599,3161,'Đáp án thứ 1',1),(12600,3161,'Đáp án thứ 2',0),(12601,3161,'Đáp án thứ 3',0),(12602,3161,'Đáp án thứ 4',0),(12603,3162,'Đáp án thứ 1',1),(12604,3162,'Đáp án thứ 2',0),(12605,3162,'Đáp án thứ 3',0),(12606,3162,'Đáp án thứ 4',0),(12607,3163,'Đáp án thứ 1',1),(12608,3163,'Đáp án thứ 2',1),(12609,3163,'Đáp án thứ 3',0),(12610,3163,'Đáp án thứ 4',0),(12611,3164,'Đáp án thứ 1',1),(12612,3164,'Đáp án thứ 2',0),(12613,3164,'Đáp án thứ 3',0),(12614,3164,'Đáp án thứ 4',0),(12615,3165,'Đáp án thứ 1',1),(12616,3165,'Đáp án thứ 2',0),(12617,3165,'Đáp án thứ 3',0),(12618,3165,'Đáp án thứ 4',0),(12619,3166,'Đáp án thứ 1',1),(12620,3166,'Đáp án thứ 2',0),(12621,3166,'Đáp án thứ 3',0),(12622,3166,'Đáp án thứ 4',0),(12623,3167,'Đáp án thứ 1',1),(12624,3167,'Đáp án thứ 2',1),(12625,3167,'Đáp án thứ 3',0),(12626,3167,'Đáp án thứ 4',0),(12627,3168,'Đáp án thứ 1',1),(12628,3168,'Đáp án thứ 2',1),(12629,3168,'Đáp án thứ 3',0),(12630,3168,'Đáp án thứ 4',0),(12631,3169,'Đáp án thứ 1',1),(12632,3169,'Đáp án thứ 2',1),(12633,3169,'Đáp án thứ 3',0),(12634,3169,'Đáp án thứ 4',0),(12635,3170,'Đáp án thứ 1',1),(12636,3170,'Đáp án thứ 2',0),(12637,3170,'Đáp án thứ 3',0),(12638,3170,'Đáp án thứ 4',0),(12639,3171,'Đáp án thứ 1',1),(12640,3171,'Đáp án thứ 2',0),(12641,3171,'Đáp án thứ 3',0),(12642,3171,'Đáp án thứ 4',0),(12643,3172,'Đáp án thứ 1',1),(12644,3172,'Đáp án thứ 2',0),(12645,3172,'Đáp án thứ 3',0),(12646,3172,'Đáp án thứ 4',0),(12647,3173,'Đáp án thứ 1',1),(12648,3173,'Đáp án thứ 2',0),(12649,3173,'Đáp án thứ 3',0),(12650,3173,'Đáp án thứ 4',0),(12651,3174,'Đáp án thứ 1',1),(12652,3174,'Đáp án thứ 2',1),(12653,3174,'Đáp án thứ 3',0),(12654,3174,'Đáp án thứ 4',0),(12655,3175,'Đáp án thứ 1',1),(12656,3175,'Đáp án thứ 2',1),(12657,3175,'Đáp án thứ 3',0),(12658,3175,'Đáp án thứ 4',0),(12659,3176,'Đáp án thứ 1',1),(12660,3176,'Đáp án thứ 2',0),(12661,3176,'Đáp án thứ 3',0),(12662,3176,'Đáp án thứ 4',0),(12663,3177,'Đáp án thứ 1',1),(12664,3177,'Đáp án thứ 2',0),(12665,3177,'Đáp án thứ 3',0),(12666,3177,'Đáp án thứ 4',0),(12667,3178,'Đáp án thứ 1',1),(12668,3178,'Đáp án thứ 2',0),(12669,3178,'Đáp án thứ 3',0),(12670,3178,'Đáp án thứ 4',0),(12671,3179,'Đáp án thứ 1',1),(12672,3179,'Đáp án thứ 2',0),(12673,3179,'Đáp án thứ 3',0),(12674,3179,'Đáp án thứ 4',0),(12675,3180,'Đáp án thứ 1',1),(12676,3180,'Đáp án thứ 2',1),(12677,3180,'Đáp án thứ 3',0),(12678,3180,'Đáp án thứ 4',0),(12679,3181,'Đáp án thứ 1',1),(12680,3181,'Đáp án thứ 2',1),(12681,3181,'Đáp án thứ 3',0),(12682,3181,'Đáp án thứ 4',0),(12683,3182,'Đáp án thứ 1',1),(12684,3182,'Đáp án thứ 2',0),(12685,3182,'Đáp án thứ 3',0),(12686,3182,'Đáp án thứ 4',0),(12687,3183,'Đáp án thứ 1',1),(12688,3183,'Đáp án thứ 2',0),(12689,3183,'Đáp án thứ 3',0),(12690,3183,'Đáp án thứ 4',0),(12691,3184,'Đáp án thứ 1',1),(12692,3184,'Đáp án thứ 2',0),(12693,3184,'Đáp án thứ 3',0),(12694,3184,'Đáp án thứ 4',0),(12695,3185,'Đáp án thứ 1',1),(12696,3185,'Đáp án thứ 2',0),(12697,3185,'Đáp án thứ 3',0),(12698,3185,'Đáp án thứ 4',0),(12699,3186,'Đáp án thứ 1',1),(12700,3186,'Đáp án thứ 2',0),(12701,3186,'Đáp án thứ 3',0),(12702,3186,'Đáp án thứ 4',0),(12703,3187,'Đáp án thứ 1',1),(12704,3187,'Đáp án thứ 2',1),(12705,3187,'Đáp án thứ 3',0),(12706,3187,'Đáp án thứ 4',0),(12707,3188,'Đáp án thứ 1',1),(12708,3188,'Đáp án thứ 2',0),(12709,3188,'Đáp án thứ 3',0),(12710,3188,'Đáp án thứ 4',0),(12711,3189,'Đáp án thứ 1',1),(12712,3189,'Đáp án thứ 2',0),(12713,3189,'Đáp án thứ 3',0),(12714,3189,'Đáp án thứ 4',0),(12715,3190,'Đáp án thứ 1',1),(12716,3190,'Đáp án thứ 2',0),(12717,3190,'Đáp án thứ 3',0),(12718,3190,'Đáp án thứ 4',0),(12719,3191,'Đáp án thứ 1',1),(12720,3191,'Đáp án thứ 2',0),(12721,3191,'Đáp án thứ 3',0),(12722,3191,'Đáp án thứ 4',0),(12723,3192,'Đáp án thứ 1',1),(12724,3192,'Đáp án thứ 2',1),(12725,3192,'Đáp án thứ 3',0),(12726,3192,'Đáp án thứ 4',0),(12727,3193,'Đáp án thứ 1',1),(12728,3193,'Đáp án thứ 2',0),(12729,3193,'Đáp án thứ 3',0),(12730,3193,'Đáp án thứ 4',0),(12731,3194,'Đáp án thứ 1',1),(12732,3194,'Đáp án thứ 2',1),(12733,3194,'Đáp án thứ 3',0),(12734,3194,'Đáp án thứ 4',0),(12735,3195,'Đáp án thứ 1',1),(12736,3195,'Đáp án thứ 2',0),(12737,3195,'Đáp án thứ 3',0),(12738,3195,'Đáp án thứ 4',0),(12739,3196,'Đáp án thứ 1',1),(12740,3196,'Đáp án thứ 2',0),(12741,3196,'Đáp án thứ 3',0),(12742,3196,'Đáp án thứ 4',0),(12743,3197,'Đáp án thứ 1',1),(12744,3197,'Đáp án thứ 2',1),(12745,3197,'Đáp án thứ 3',0),(12746,3197,'Đáp án thứ 4',0),(12747,3198,'Đáp án thứ 1',1),(12748,3198,'Đáp án thứ 2',0),(12749,3198,'Đáp án thứ 3',0),(12750,3198,'Đáp án thứ 4',0),(12751,3199,'Đáp án thứ 1',1),(12752,3199,'Đáp án thứ 2',1),(12753,3199,'Đáp án thứ 3',0),(12754,3199,'Đáp án thứ 4',0),(12755,3200,'Đáp án thứ 1',1),(12756,3200,'Đáp án thứ 2',0),(12757,3200,'Đáp án thứ 3',0),(12758,3200,'Đáp án thứ 4',0),(12759,3201,'Đáp án thứ 1',1),(12760,3201,'Đáp án thứ 2',1),(12761,3201,'Đáp án thứ 3',0),(12762,3201,'Đáp án thứ 4',0),(12763,3202,'Đáp án thứ 1',1),(12764,3202,'Đáp án thứ 2',1),(12765,3202,'Đáp án thứ 3',0),(12766,3202,'Đáp án thứ 4',0),(12767,3203,'Đáp án thứ 1',1),(12768,3203,'Đáp án thứ 2',0),(12769,3203,'Đáp án thứ 3',0),(12770,3203,'Đáp án thứ 4',0),(12771,3204,'Đáp án thứ 1',1),(12772,3204,'Đáp án thứ 2',1),(12773,3204,'Đáp án thứ 3',0),(12774,3204,'Đáp án thứ 4',0),(12775,3205,'Đáp án thứ 1',1),(12776,3205,'Đáp án thứ 2',0),(12777,3205,'Đáp án thứ 3',0),(12778,3205,'Đáp án thứ 4',0),(12779,3206,'Đáp án thứ 1',1),(12780,3206,'Đáp án thứ 2',0),(12781,3206,'Đáp án thứ 3',0),(12782,3206,'Đáp án thứ 4',0),(12783,3207,'Đáp án thứ 1',1),(12784,3207,'Đáp án thứ 2',0),(12785,3207,'Đáp án thứ 3',0),(12786,3207,'Đáp án thứ 4',0),(12787,3208,'Đáp án thứ 1',1),(12788,3208,'Đáp án thứ 2',1),(12789,3208,'Đáp án thứ 3',0),(12790,3208,'Đáp án thứ 4',0),(12791,3209,'Đáp án thứ 1',1),(12792,3209,'Đáp án thứ 2',0),(12793,3209,'Đáp án thứ 3',0),(12794,3209,'Đáp án thứ 4',0),(12795,3210,'Đáp án thứ 1',1),(12796,3210,'Đáp án thứ 2',0),(12797,3210,'Đáp án thứ 3',0),(12798,3210,'Đáp án thứ 4',0),(12799,3211,'Đáp án thứ 1',1),(12800,3211,'Đáp án thứ 2',0),(12801,3211,'Đáp án thứ 3',0),(12802,3211,'Đáp án thứ 4',0),(12803,3212,'Đáp án thứ 1',1),(12804,3212,'Đáp án thứ 2',0),(12805,3212,'Đáp án thứ 3',0),(12806,3212,'Đáp án thứ 4',0),(12807,3213,'Đáp án thứ 1',1),(12808,3213,'Đáp án thứ 2',0),(12809,3213,'Đáp án thứ 3',0),(12810,3213,'Đáp án thứ 4',0),(12811,3214,'Đáp án thứ 1',1),(12812,3214,'Đáp án thứ 2',1),(12813,3214,'Đáp án thứ 3',0),(12814,3214,'Đáp án thứ 4',0),(12815,3215,'Đáp án thứ 1',1),(12816,3215,'Đáp án thứ 2',0),(12817,3215,'Đáp án thứ 3',0),(12818,3215,'Đáp án thứ 4',0),(12819,3216,'Đáp án thứ 1',1),(12820,3216,'Đáp án thứ 2',1),(12821,3216,'Đáp án thứ 3',0),(12822,3216,'Đáp án thứ 4',0),(12823,3217,'Đáp án thứ 1',0),(12824,3217,'Đáp án thứ 2',0),(12825,3217,'Đáp án thứ 3',1),(12826,3217,'Đáp án thứ 4',0),(12827,3218,'Đáp án thứ 1',1),(12828,3218,'Đáp án thứ 2',1),(12829,3218,'Đáp án thứ 3',0),(12830,3218,'Đáp án thứ 4',0),(12875,3233,'Dap an 1',1),(12876,3233,'Dap an 2',0),(12877,3233,'Dap an 3',0),(12878,3234,'Dap an 1',1),(12879,3234,'Dap an 2',0),(12880,3234,'Dap an 3',0);
/*!40000 ALTER TABLE `question_answer` ENABLE KEYS */;
UNLOCK TABLES;

--
-- Table structure for table `resettoken`
--

DROP TABLE IF EXISTS `resettoken`;
/*!40101 SET @saved_cs_client     = @@character_set_client */;
/*!40101 SET character_set_client = utf8 */;
CREATE TABLE `resettoken` (
  `id` int(11) NOT NULL AUTO_INCREMENT,
  `token` varchar(265) DEFAULT NULL,
  `expiryDate` bigint(20) DEFAULT NULL,
  `verified` int(1) DEFAULT NULL,
  `account_id` int(11) DEFAULT NULL,
  PRIMARY KEY (`id`)
) ENGINE=InnoDB AUTO_INCREMENT=32 DEFAULT CHARSET=utf8;
/*!40101 SET character_set_client = @saved_cs_client */;

--
-- Dumping data for table `resettoken`
--

LOCK TABLES `resettoken` WRITE;
/*!40000 ALTER TABLE `resettoken` DISABLE KEYS */;
INSERT INTO `resettoken` VALUES (2,'08fdb104-ccca-4e74-8576-0aa3c9190fe1',1512062071859,0,0),(3,'d3f6d4ae-6488-49c7-bec6-ae522b758ebc',1512063275759,0,0),(4,'38658b9c-11a5-44ca-a0f1-7521c7f6bd1b',1512100027305,0,0),(5,'666f27ab-587f-4e13-9a49-6834458fb57e',1512100718873,0,0),(6,'9ced1ee9-cf8a-483c-a594-fd85890769d2',1512100987052,0,0),(7,'93ac8690-540c-45e7-95c6-7f1922d37fe7',1512101112024,0,0),(8,'73b8eba6-98a2-4a24-bb52-101bddf85cf9',1512101517483,0,0),(9,'e208a8df-3f6b-4d32-b1d8-6e95423674ac',1512101802897,0,0),(10,'3efa0c46-3306-44f6-a32a-0dcc064ce583',1512102539572,0,0),(11,'f5722dcb-c069-468f-a2e7-ab6c06b6092e',1512102649679,0,0),(12,'13e54e3d-dd0a-4e7e-aadb-bf5e126a4e90',1512102689190,0,0),(13,'7ff3c970-821e-48c5-9df8-f23a5be2191c',1512102813742,0,0),(14,'9049afc6-5edc-4c3f-a7dd-f108b5e8c7fe',1512102954004,0,0),(15,'7638b0e1-9af4-49ce-9c39-45b65a54c4a4',1512103134512,0,0),(16,'7100e414-69f8-4fe9-8198-dc3dbd2ec73f',1512103259487,0,0),(17,'1b125630-fef4-4e90-99f2-5beb7cda180e',1512103321161,0,0),(18,'f3752b0b-65f6-42bc-8fb7-45a95a1fa880',1512114587260,0,0),(19,'96255f0c-a94c-459c-8d44-806923889d4e',1512114995492,0,0),(20,'3978147c-d11d-4d31-a1c2-81f3ec10b1a8',1512115288868,0,0),(21,'7d02aec6-2c0f-463e-813b-9dd7c4ecb302',1512115365508,0,0),(22,'2e52f701-5390-4e0f-b300-fc194e4782b6',1512115486483,0,0),(23,'ba66c3f1-7f0c-42b9-a526-a1c29b956081',1512115943193,0,0),(24,'f73c88d6-38a9-40b3-ab48-388df0ec9e62',1512115998522,0,0),(25,'3cdf3fe7-b373-4185-ab49-7faff711deb7',1512116463679,0,0),(26,'7c65126e-9a84-4352-9faf-1ec1616d09fd',1512116698974,0,0),(27,'97bb021c-17b4-4bf6-9a53-ade6beb35d19',1512116811432,0,0),(28,'fcedff1a-277a-4e9f-8580-6dc85436c047',1512116908705,0,0),(29,'826325ab-dbe7-467b-8e06-ba39e05a4448',1512116958788,0,0),(30,'64dc93b1-207e-4b0b-9458-d96f22a16a95',1512117039513,0,0),(31,'35b32299-e592-4a1f-b7d2-4516cb4a302e',1512633749839,0,0);
/*!40000 ALTER TABLE `resettoken` ENABLE KEYS */;
UNLOCK TABLES;

--
-- Table structure for table `role`
--

DROP TABLE IF EXISTS `role`;
/*!40101 SET @saved_cs_client     = @@character_set_client */;
/*!40101 SET character_set_client = utf8 */;
CREATE TABLE `role` (
  `id` int(11) NOT NULL AUTO_INCREMENT,
  `name` varchar(45) DEFAULT NULL,
  `account_id` int(11) DEFAULT NULL,
  PRIMARY KEY (`id`),
  KEY `a_idx` (`account_id`),
  CONSTRAINT `a` FOREIGN KEY (`account_id`) REFERENCES `account` (`id`) ON DELETE NO ACTION ON UPDATE NO ACTION
) ENGINE=InnoDB DEFAULT CHARSET=utf8;
/*!40101 SET character_set_client = @saved_cs_client */;

--
-- Dumping data for table `role`
--

LOCK TABLES `role` WRITE;
/*!40000 ALTER TABLE `role` DISABLE KEYS */;
/*!40000 ALTER TABLE `role` ENABLE KEYS */;
UNLOCK TABLES;

--
-- Table structure for table `subject`
--

DROP TABLE IF EXISTS `subject`;
/*!40101 SET @saved_cs_client     = @@character_set_client */;
/*!40101 SET character_set_client = utf8 */;
CREATE TABLE `subject` (
  `id` int(11) NOT NULL AUTO_INCREMENT,
  `name` varchar(45) DEFAULT NULL,
  `account_id` int(11) NOT NULL,
  `total` int(11) DEFAULT NULL,
  PRIMARY KEY (`id`),
  KEY `fk_subject_account1_idx` (`account_id`),
  CONSTRAINT `fk_subject_account1` FOREIGN KEY (`account_id`) REFERENCES `account` (`id`) ON DELETE NO ACTION ON UPDATE NO ACTION
) ENGINE=InnoDB AUTO_INCREMENT=46 DEFAULT CHARSET=utf8;
/*!40101 SET character_set_client = @saved_cs_client */;

--
-- Dumping data for table `subject`
--

LOCK TABLES `subject` WRITE;
/*!40000 ALTER TABLE `subject` DISABLE KEYS */;
INSERT INTO `subject` VALUES (34,'Môn A',33,300),(35,'Môn B',33,300),(36,'Môn C',33,300),(45,'44-video_[34, 12]',1,2);
/*!40000 ALTER TABLE `subject` ENABLE KEYS */;
UNLOCK TABLES;

--
-- Table structure for table `user_notification`
--

DROP TABLE IF EXISTS `user_notification`;
/*!40101 SET @saved_cs_client     = @@character_set_client */;
/*!40101 SET character_set_client = utf8 */;
CREATE TABLE `user_notification` (
  `account_id` int(11) NOT NULL,
  `notification_id` int(11) NOT NULL,
  `isCheck` tinyint(4) NOT NULL,
  PRIMARY KEY (`account_id`,`notification_id`),
  KEY `bb_idx` (`notification_id`),
  CONSTRAINT `aa` FOREIGN KEY (`account_id`) REFERENCES `account` (`id`) ON DELETE NO ACTION ON UPDATE NO ACTION,
  CONSTRAINT `bb` FOREIGN KEY (`notification_id`) REFERENCES `notification` (`id`) ON DELETE NO ACTION ON UPDATE NO ACTION
) ENGINE=InnoDB DEFAULT CHARSET=utf8;
/*!40101 SET character_set_client = @saved_cs_client */;

--
-- Dumping data for table `user_notification`
--

LOCK TABLES `user_notification` WRITE;
/*!40000 ALTER TABLE `user_notification` DISABLE KEYS */;
/*!40000 ALTER TABLE `user_notification` ENABLE KEYS */;
UNLOCK TABLES;

--
-- Table structure for table `view_video`
--

DROP TABLE IF EXISTS `view_video`;
/*!40101 SET @saved_cs_client     = @@character_set_client */;
/*!40101 SET character_set_client = utf8 */;
CREATE TABLE `view_video` (
  `id` int(11) NOT NULL AUTO_INCREMENT,
  `length` varchar(45) DEFAULT NULL,
  `document_id` int(11) NOT NULL,
  `course_member_id` int(11) NOT NULL,
  `answers` varchar(45) DEFAULT NULL,
  PRIMARY KEY (`id`),
  KEY `fk_view_video_document1_idx` (`document_id`),
  KEY `fk_view_video_course_member1_idx` (`course_member_id`),
  CONSTRAINT `fk_view_video_course_member1` FOREIGN KEY (`course_member_id`) REFERENCES `course_member` (`id`) ON DELETE NO ACTION ON UPDATE NO ACTION,
  CONSTRAINT `fk_view_video_document1` FOREIGN KEY (`document_id`) REFERENCES `document` (`id`) ON DELETE NO ACTION ON UPDATE NO ACTION
) ENGINE=InnoDB AUTO_INCREMENT=61 DEFAULT CHARSET=utf8;
/*!40101 SET character_set_client = @saved_cs_client */;

--
-- Dumping data for table `view_video`
--

LOCK TABLES `view_video` WRITE;
/*!40000 ALTER TABLE `view_video` DISABLE KEYS */;
INSERT INTO `view_video` VALUES (46,'24.4394-97.3366666',44,4,'0__1'),(47,'0-97.33805',44,5,'0_0'),(48,'0-97.33805',44,6,'0_0'),(49,'0-97.33805',44,7,'0_0'),(50,'0-97.33805',44,8,'0_0'),(51,'0-97.33805',44,9,'0_0'),(52,'0-97.33805',44,10,'0_0'),(53,'0-97.33805',44,11,'0_0'),(54,'0-97.33805',44,12,'0_0'),(55,'0-97.33805',44,13,'0_0'),(56,'0-97.33805',44,14,'0_0'),(57,'0-97.33805',44,15,'0_0'),(58,'0-97.33805',44,16,'0_0'),(59,'0-97.33805',44,17,'0_0'),(60,'0-97.33805',44,18,'0_0');
/*!40000 ALTER TABLE `view_video` ENABLE KEYS */;
UNLOCK TABLES;
/*!40103 SET TIME_ZONE=@OLD_TIME_ZONE */;

/*!40101 SET SQL_MODE=@OLD_SQL_MODE */;
/*!40014 SET FOREIGN_KEY_CHECKS=@OLD_FOREIGN_KEY_CHECKS */;
/*!40014 SET UNIQUE_CHECKS=@OLD_UNIQUE_CHECKS */;
/*!40101 SET CHARACTER_SET_CLIENT=@OLD_CHARACTER_SET_CLIENT */;
/*!40101 SET CHARACTER_SET_RESULTS=@OLD_CHARACTER_SET_RESULTS */;
/*!40101 SET COLLATION_CONNECTION=@OLD_COLLATION_CONNECTION */;
/*!40111 SET SQL_NOTES=@OLD_SQL_NOTES */;

-- Dump completed on 2017-12-25  2:41:30
